kml_id;district;type;address
939015534;Аэропорт;Спортивная площадка;Усиевича ул. 23
939015540;Аэропорт;Детская площадка;Усиевича ул. 23
939015544;Аэропорт;Детская площадка;Усиевича ул. 23
939015552;Аэропорт;Спортивная площадка;Усиевича ул. 23
887180562;Аэропорт;Детская площадка;Усиевича ул. 25 к.3
1149754586;Аэропорт;Детская площадка;"Балтийская ул. 4; Ленинградский просп. 78 к.4, 78 к.5"
1149754588;Аэропорт;Спортивная площадка;"Балтийская ул. 4; Ленинградский просп. 78 к.4, 78 к.5"
894970996;Аэропорт;Детская площадка;"Лизы Чайкиной ул. 6; Усиевича ул. 21"
921595321;Аэропорт;Спортивная площадка;Ленинградский просп. 66
921595323;Аэропорт;Детская площадка;Ленинградский просп. 66
917604595;Аэропорт;Детская площадка;Лизы Чайкиной ул. 4 к.1
917604597;Аэропорт;Детская площадка;Лизы Чайкиной ул. 4 к.1
948004817;Аэропорт;Детская площадка;Балтийская ул. 6 к.1, 6 к.2, 6 к.3
948004819;Аэропорт;Спортивная площадка;Балтийская ул. 6 к.1, 6 к.2, 6 к.3
1200629012;Аэропорт;Детская площадка;Планетная ул. 18
873374115;Аэропорт;Детская площадка;Зыковский Стар. пр. 4, 6 к.1
873374121;Аэропорт;Детская площадка;Зыковский Стар. пр. 4, 6 к.1
943606854;Аэропорт;Детская площадка;Красноармейская ул. 16, 20, 22
989354990;Аэропорт;Детская площадка;Балтийский 1-й пер. 4
991507405;Аэропорт;Спортивная площадка;Шебашевский пр. 6, 8 к.1, 8 к.2
991507409;Аэропорт;Детская площадка;Шебашевский пр. 6, 8 к.1, 8 к.2
991507413;Аэропорт;Детская площадка;Шебашевский пр. 6, 8 к.1, 8 к.2
991507415;Аэропорт;Детская площадка;Шебашевский пр. 6, 8 к.1, 8 к.2
902900319;Аэропорт;Детская площадка;Часовая ул. 10/1, 12, 14
902900321;Аэропорт;Детская площадка;Часовая ул. 10/1, 12, 14
886051052;Аэропорт;Детская площадка;"Самеда Вургуна ул. 11; Часовая ул. 15"
886051056;Аэропорт;Спортивная площадка;"Самеда Вургуна ул. 11; Часовая ул. 15"
908608233;Аэропорт;Детская площадка;"Асеева ул. 2; Усиевича ул. 10А"
1202569836;Аэропорт;Детская площадка;Балтийский 3-й пер. 4 к.2, 4 к.3, 4 к.4
1202569840;Аэропорт;Детская площадка;Балтийский 3-й пер. 4 к.2, 4 к.3, 4 к.4
1202569866;Аэропорт;Спортивная площадка;Балтийский 3-й пер. 4 к.2, 4 к.3, 4 к.4
989390557;Аэропорт;Детская площадка;"Масловка Верхн. ул. 11, 9; Петровско-Разумовская аллея 8"
989340941;Аэропорт;Детская площадка;Часовая ул. 7 к.1, 7 к.2
936656369;Аэропорт;Детская площадка;Коптевский Б. пр. 14 к.1, 14 к.2, 14 к.3, 14 к.4
936656373;Аэропорт;Детская площадка;Коптевский Б. пр. 14 к.1, 14 к.2, 14 к.3, 14 к.4
936656379;Аэропорт;Детская площадка;Коптевский Б. пр. 14 к.1, 14 к.2, 14 к.3, 14 к.4
902928883;Аэропорт;Детская площадка;Амбулаторный 1-й пр. 7 к.3
908578645;Аэропорт;Детская площадка;Коккинаки ул. 2
990228105;Аэропорт;Детская площадка;8 Марта улица 4-я 4 к.1, 4 к.2
1000146049;Аэропорт;Детская площадка;Балтийский 3-й пер. 6 к.2, 6 к.3
1000146051;Аэропорт;Детская площадка;Балтийский 3-й пер. 6 к.2, 6 к.3
849437198;Аэропорт;Спортивная площадка;Черняховского ул. 17 к.1, 17 к.2, 17 к.3, 17 к.4
917843488;Аэропорт;Детская площадка;Степана Супруна ул. 4
991236196;Аэропорт;Детская площадка;Черняховского ул. 9 к.1, 9 к.2, 9 к.3
905034621;Аэропорт;Детская площадка;Планетная ул. 13, 15, 17
947998406;Аэропорт;Детская площадка;Коптевский Б. пр. 12 к.1, 12 к.2
947998408;Аэропорт;Детская площадка;Коптевский Б. пр. 12 к.1, 12 к.2
947998410;Аэропорт;Детская площадка;Коптевский Б. пр. 12 к.1, 12 к.2
947998414;Аэропорт;Детская площадка;Коптевский Б. пр. 12 к.1, 12 к.2
1137641513;Аэропорт;Спортивная площадка;"Масловка Верхн. ул. 21; Петровско-Разумовская аллея 16, 18"
1137641515;Аэропорт;Детская площадка;"Масловка Верхн. ул. 21; Петровско-Разумовская аллея 16, 18"
1137641517;Аэропорт;Детская площадка;"Масловка Верхн. ул. 21; Петровско-Разумовская аллея 16, 18"
1194004737;Аэропорт;Детская площадка;Красноармейская ул. 36
1041208886;Аэропорт;Детская площадка;"Ильюшина Академика ул. 5; Планетная ул. 41, 43"
1041208888;Аэропорт;Спортивная площадка;"Ильюшина Академика ул. 5; Планетная ул. 41, 43"
1041208890;Аэропорт;Спортивная площадка;"Ильюшина Академика ул. 5; Планетная ул. 41, 43"
1041208892;Аэропорт;Детская площадка;"Ильюшина Академика ул. 5; Планетная ул. 41, 43"
957718904;Аэропорт;Детская площадка;Ленинградский просп. 54/1, 54А, 56
957718906;Аэропорт;Спортивная площадка;Ленинградский просп. 54/1, 54А, 56
957718910;Аэропорт;Детская площадка;Ленинградский просп. 54/1, 54А, 56
1203622003;Аэропорт;Детская площадка;"Ленинградский просп. 62; Черняховского ул. 2"
1203622009;Аэропорт;Детская площадка;"Ленинградский просп. 62; Черняховского ул. 2"
989458131;Аэропорт;Спортивная площадка;"Красноармейская ул. 7, 9; Степана Супруна ул. 12 к.1, 12 к.2, 12 к.3"
989458137;Аэропорт;Спортивная площадка;"Красноармейская ул. 7, 9; Степана Супруна ул. 12 к.1, 12 к.2, 12 к.3"
1041214810;Аэропорт;Детская площадка;Ильюшина Академика ул. 3
1137283310;Аэропорт;Детская площадка;Красноармейская ул. 26 к.2
1137283316;Аэропорт;Спортивная площадка;Красноармейская ул. 26 к.2
943637595;Аэропорт;Детская площадка;Самеда Вургуна ул. 5
943637597;Аэропорт;Детская площадка;Самеда Вургуна ул. 5
1026875643;Аэропорт;Детская площадка;Часовая ул. 23/8 к.1
1026875651;Аэропорт;Спортивная площадка;Часовая ул. 23/8 к.1
1181384457;Аэропорт;Детская площадка;Часовая ул. 25 к.2
1181384461;Аэропорт;Спортивная площадка;Часовая ул. 25 к.2
1181384463;Аэропорт;Спортивная площадка;Часовая ул. 25 к.2
1197614660;Аэропорт;Детская площадка;Ленинградский просп. 74 к.4, 74 к.5, 74 к.6
1197614662;Аэропорт;Спортивная площадка;Ленинградский просп. 74 к.4, 74 к.5, 74 к.6
1197614664;Аэропорт;Детская площадка;Ленинградский просп. 74 к.4, 74 к.5, 74 к.6
1197614668;Аэропорт;Детская площадка;Ленинградский просп. 74 к.4, 74 к.5, 74 к.6
1197614670;Аэропорт;Спортивная площадка;Ленинградский просп. 74 к.4, 74 к.5, 74 к.6
1138270207;Аэропорт;Детская площадка;Усиевича ул. 25 к.1, 25 к.2
1138270209;Аэропорт;Спортивная площадка;Усиевича ул. 25 к.1, 25 к.2
1138270215;Аэропорт;Детская площадка;Усиевича ул. 25 к.1, 25 к.2
1199833825;Аэропорт;Детская площадка;Коптевский М. пр. 4
1188514755;Аэропорт;Детская площадка;"Амбулаторный 1-й пр. 7 к.А; Коптевский М. пр. 7; Сперанского ул. 6"
1188514757;Аэропорт;Детская площадка;"Амбулаторный 1-й пр. 7 к.А; Коптевский М. пр. 7; Сперанского ул. 6"
1188514761;Аэропорт;Спортивная площадка;"Амбулаторный 1-й пр. 7 к.А; Коптевский М. пр. 7; Сперанского ул. 6"
1194913891;Аэропорт;Спортивная площадка;Планетная ул. 11, 5, 7, 9
1196027243;Аэропорт;Детская площадка;Коптевский Б. пр. 10 к.2, 8
1191385002;Аэропорт;Спортивная площадка;"Балтийский 2-й пер. 2, 4, 4А, 6; Самеда Вургуна ул. 1; Усиевича ул. 16"
1191385004;Аэропорт;Детская площадка;"Балтийский 2-й пер. 2, 4, 4А, 6; Самеда Вургуна ул. 1; Усиевича ул. 16"
1191385006;Аэропорт;Детская площадка;"Балтийский 2-й пер. 2, 4, 4А, 6; Самеда Вургуна ул. 1; Усиевича ул. 16"
1191385010;Аэропорт;Детская площадка;"Балтийский 2-й пер. 2, 4, 4А, 6; Самеда Вургуна ул. 1; Усиевича ул. 16"
1144051732;Аэропорт;Детская площадка;Часовая ул. 5, 5А, 5Б
1144051734;Аэропорт;Спортивная площадка;Часовая ул. 5, 5А, 5Б
1201771222;Аэропорт;Детская площадка;Ильюшина Академика ул. 16
1201771228;Аэропорт;Спортивная площадка;Ильюшина Академика ул. 16
1196001300;Аэропорт;Детская площадка;Часовая ул. 26
1150290686;Аэропорт;Детская площадка;Ильюшина Академика ул. 4 к.1, 4 к.2, 6
1197832129;Аэропорт;Детская площадка;"Зыковский Стар. пр. 3, 5; Красноармейская ул. 24, 26 к.1"
1197832131;Аэропорт;Спортивная площадка;"Зыковский Стар. пр. 3, 5; Красноармейская ул. 24, 26 к.1"
1197832143;Аэропорт;Спортивная площадка;"Зыковский Стар. пр. 3, 5; Красноармейская ул. 24, 26 к.1"
1197832147;Аэропорт;Спортивная площадка;"Зыковский Стар. пр. 3, 5; Красноармейская ул. 24, 26 к.1"
1200298917;Аэропорт;Детская площадка;Планетная ул. 29, 29 к.1, 29 к.2
1200298921;Аэропорт;Спортивная площадка;Планетная ул. 29, 29 к.1, 29 к.2
1187127605;Аэропорт;Детская площадка;Красноармейская ул. 23, 25, 27, 29
1187127615;Аэропорт;Детская площадка;Красноармейская ул. 23, 25, 27, 29
1144146177;Аэропорт;Спортивная площадка;Авиационный пер. 8
1144146179;Аэропорт;Детская площадка;Авиационный пер. 8
1144146181;Аэропорт;Спортивная площадка;Авиационный пер. 8
949024882;Аэропорт;Спортивная площадка;Ильюшина Академика ул. 1 к.1, 1 к.2
1195950499;Аэропорт;Спортивная площадка;"Планетная ул. 47 к.1, 47 к.2, 49; Черняховского ул. 12"
1195950503;Аэропорт;Детская площадка;"Планетная ул. 47 к.1, 47 к.2, 49; Черняховского ул. 12"
1195950509;Аэропорт;Детская площадка;"Планетная ул. 47 к.1, 47 к.2, 49; Черняховского ул. 12"
989345733;Аэропорт;Спортивная площадка;Черняховского ул. 13
989345735;Аэропорт;Детская площадка;Черняховского ул. 13
989345741;Аэропорт;Детская площадка;Черняховского ул. 13
989345739;Аэропорт;Детская площадка;Черняховского ул. 13
1139664222;Аэропорт;Детская площадка;Усиевича ул. 27 к.1, 27 к.2
1196057358;Аэропорт;Детская площадка;Ленинградский просп. 66 к.2
1188275512;Аэропорт;Спортивная площадка;Часовая ул. 19 к.3
1188275516;Аэропорт;Детская площадка;Часовая ул. 19 к.3
1188275532;Аэропорт;Детская площадка;Часовая ул. 19 к.3
945215419;Аэропорт;Детская площадка;"Красноармейская ул. 38; Черняховского ул. 6"
945215421;Аэропорт;Спортивная площадка;"Красноармейская ул. 38; Черняховского ул. 6"
1254428585;Аэропорт;Детская площадка;"Ленинградский просп. 44; Серегина ул. 3"
1254428587;Аэропорт;Спортивная площадка;"Ленинградский просп. 44; Серегина ул. 3"
1254470402;Аэропорт;Спортивная площадка;"Усиевича ул. 2, 4; Черняховского ул. 7"
1254470404;Аэропорт;Детская площадка;"Усиевича ул. 2, 4; Черняховского ул. 7"
1254470411;Аэропорт;Спортивная площадка;"Усиевича ул. 2, 4; Черняховского ул. 7"
1256147523;Аэропорт;Детская площадка;"Башиловка Нов. ул. 3; Масловка Нижн. ул. 19"
1258456328;Аэропорт;Детская площадка;Планетная ул. 20, 22, 24
1258456330;Аэропорт;Спортивная площадка;Планетная ул. 20, 22, 24
1267096476;Аэропорт;Детская площадка;Ленинградский просп. 74 к.1, 74 к.2, 74 к.3
1269640637;Аэропорт;Спортивная площадка;"Красноармейская ул. 14; Планетная ул. 21; Эльдорадовский пер. 3, 5, 7"
1269640639;Аэропорт;Детская площадка;"Красноармейская ул. 14; Планетная ул. 21; Эльдорадовский пер. 3, 5, 7"
1269640657;Аэропорт;Спортивная площадка;"Красноармейская ул. 14; Планетная ул. 21; Эльдорадовский пер. 3, 5, 7"
1269799297;Аэропорт;Спортивная площадка;"Масловка Верхн. ул. 5, 7; Петровско-Разумовская аллея 6"
1269799299;Аэропорт;Детская площадка;"Масловка Верхн. ул. 5, 7; Петровско-Разумовская аллея 6"
1269799303;Аэропорт;Детская площадка;"Масловка Верхн. ул. 5, 7; Петровско-Разумовская аллея 6"
936590663;Аэропорт;Спортивная площадка;"Коптевский Б. пр. 4; Часовая ул. 6 к.1, 6 к.2, 8"
925986982;Аэропорт;Детская площадка;Часовая ул. 19А, 21А
1033077691;Аэропорт;Детская площадка;Красноармейская ул. 2 к.2
950802175;Аэропорт;Детская площадка;Часовая ул. 4 к.2
903383449;Аэропорт;Детская площадка;Красноармейская ул. 6 к.1, 6 к.2
1193268762;Аэропорт;Детская площадка;Амбулаторный 1-й пр. 5 к.1, 5 к.2
1193268768;Аэропорт;Спортивная площадка;Амбулаторный 1-й пр. 5 к.1, 5 к.2
909192963;Аэропорт;Детская площадка;"Асеева ул. 8; Часовая ул. 9; Шебашевский пр. 5, 7"
909192965;Аэропорт;Спортивная площадка;"Асеева ул. 8; Часовая ул. 9; Шебашевский пр. 5, 7"
1312483703;Аэропорт;Спортивная площадка;"Асеева ул. 8; Часовая ул. 9; Шебашевский пр. 5, 7"
906083250;Аэропорт;Спортивная площадка;"Планетная ул. 38, 40, 42; Черняховского ул. 14"
906083246;Аэропорт;Детская площадка;"Планетная ул. 38, 40, 42; Черняховского ул. 14"
906083238;Аэропорт;Детская площадка;"Планетная ул. 38, 40, 42; Черняховского ул. 14"
1026487609;Аэропорт;Детская площадка;8 Марта улица Аэропорт 13
1026487611;Аэропорт;Спортивная площадка;8 Марта улица Аэропорт 13
902486972;Аэропорт;Детская площадка;Планетная ул. 12
902486974;Аэропорт;Спортивная площадка;Планетная ул. 12
1316149362;Аэропорт;Спортивная площадка;Планетная ул. 12
1186968469;Аэропорт;Детская площадка;Амбулаторный 2-й пр. 11, 13, 15, 17, 19, 21/8
1186968471;Аэропорт;Детская площадка;Амбулаторный 2-й пр. 11, 13, 15, 17, 19, 21/8
1186968473;Аэропорт;Детская площадка;Амбулаторный 2-й пр. 11, 13, 15, 17, 19, 21/8
1186968475;Аэропорт;Детская площадка;Амбулаторный 2-й пр. 11, 13, 15, 17, 19, 21/8
1186968477;Аэропорт;Детская площадка;Амбулаторный 2-й пр. 11, 13, 15, 17, 19, 21/8
1186968479;Аэропорт;Детская площадка;Амбулаторный 2-й пр. 11, 13, 15, 17, 19, 21/8
1149219626;Аэропорт;Детская площадка;Черняховского ул. 8
990078409;Аэропорт;Детская площадка;8 Марта улица Аэропорт 11, 7/5
936590661;Аэропорт;Детская площадка;"Коптевский Б. пр. 4; Часовая ул. 6 к.1, 6 к.2, 8"
949024886;Аэропорт;Детская площадка;Ильюшина Академика ул. 1 к.1, 1 к.2
949024898;Аэропорт;Детская площадка;Ильюшина Академика ул. 1 к.1, 1 к.2
949024890;Аэропорт;Детская площадка;Ильюшина Академика ул. 1 к.1, 1 к.2
849437196;Аэропорт;Детская площадка;Черняховского ул. 17 к.1, 17 к.2, 17 к.3, 17 к.4
849437194;Аэропорт;Детская площадка;Черняховского ул. 17 к.1, 17 к.2, 17 к.3, 17 к.4
939352344;Аэропорт;Детская площадка;Аэропортовская 1-я ул. 6
989458129;Аэропорт;Детская площадка;"Красноармейская ул. 7, 9; Степана Супруна ул. 12 к.1, 12 к.2, 12 к.3"
1269640645;Аэропорт;Детская площадка;"Красноармейская ул. 14; Планетная ул. 21; Эльдорадовский пер. 3, 5, 7"
1194913877;Аэропорт;Детская площадка;Планетная ул. 11, 5, 7, 9
1194913879;Аэропорт;Детская площадка;Планетная ул. 11, 5, 7, 9
990313640;Аэропорт;Детская площадка;"8 Марта улица 4-я 5; Коккинаки ул. 8"
990313642;Аэропорт;Детская площадка;"8 Марта улица 4-я 5; Коккинаки ул. 8"
879888775;Аэропорт;Спортивная площадка;"2-й Балтийский переулок дом 1/18, корпус А, дом 1/18, корпус Б; улица Усиевича дом 18"
879888773;Аэропорт;Детская площадка;"2-й Балтийский переулок дом 1/18, корпус А, дом 1/18, корпус Б; улица Усиевича дом 18"
944969540;Аэропорт;Детская площадка;8 Марта улица Аэропорт 15, 15А
944969544;Аэропорт;Детская площадка;8 Марта улица Аэропорт 15, 15А
922541208;Аэропорт;Детская площадка;"Зыковский Нов. пр. 3; Планетная ул. 2"
950766556;Аэропорт;Детская площадка;Черняховского ул. 15 к.1, 15 к.2
1041221052;Аэропорт;Детская площадка;"Зыковский Нов. пр. 5; Планетная ул. 4"
908571466;Аэропорт;Спортивная площадка;Ильюшина Академика ул. 12
934464555;Аэропорт;Детская площадка;Коптевский М. пр. 6 к.1, 6 к.2
989346737;Аэропорт;Детская площадка;Красноармейская ул. 32
1182046698;Аэропорт;Детская площадка;"Константина Симонова ул. 7; Красноармейская ул. 13"
1195973635;Аэропорт;Детская площадка;Часовая ул. 23 к.1
943638385;Аэропорт;Детская площадка;Часовая ул. 17, 19
1092459983;Аэропорт;Детская площадка;"Масловка Верхн. ул. 3; Петровско-Разумовская аллея 2"
1088809279;Аэропорт;Детская площадка;Петровско-Разумовская аллея 10 к.1, 10 к.2, 10 к.3
1196732843;Аэропорт;Детская площадка;Масловка Верхн. ул. 27 к.1, 27 к.2, 29
1144168342;Аэропорт;Детская площадка;Усиевича ул. 29 к.1, 29 к.2
1186799693;Аэропорт;Детская площадка;"Ильюшина Академика ул. 10; Коккинаки ул. 1"
1142220037;Аэропорт;Детская площадка;Авиационный пер. 4
1201051089;Аэропорт;Детская площадка;Планетная ул. 16
1201051095;Аэропорт;Спортивная площадка;Планетная ул. 16
1137490108;Аэропорт;Детская площадка;Константина Симонова ул. 6, 8 к.1, 8 к.2
1197835447;Аэропорт;Детская площадка;Ленинградский просп. 48, 48 к.2
1196693142;Аэропорт;Детская площадка;Планетная ул. 31, 33, 35
1196693144;Аэропорт;Детская площадка;Планетная ул. 31, 33, 35
1136424450;Аэропорт;Детская площадка;Константина Симонова ул. 5 к.2, 5 к.3
1136424452;Аэропорт;Спортивная площадка;Константина Симонова ул. 5 к.2, 5 к.3
1136424456;Аэропорт;Детская площадка;Константина Симонова ул. 5 к.2, 5 к.3
1136424462;Аэропорт;Детская площадка;Константина Симонова ул. 5 к.2, 5 к.3
1193128280;Аэропорт;Детская площадка;Черняховского ул. 5 к.1
1137385170;Аэропорт;Спортивная площадка;Масловка Верхн. ул. 25 к.1
1137385172;Аэропорт;Детская площадка;Масловка Верхн. ул. 25 к.1
1137385184;Аэропорт;Детская площадка;Масловка Верхн. ул. 25 к.1
1137385186;Аэропорт;Спортивная площадка;Масловка Верхн. ул. 25 к.1
1254484936;Аэропорт;Детская площадка;Часовая ул. 18
1254484938;Аэропорт;Спортивная площадка;Часовая ул. 18
1254484940;Аэропорт;Детская площадка;Часовая ул. 18
1258432249;Аэропорт;Спортивная площадка;Нестерова Пилота ул. 7, 9
1258432251;Аэропорт;Детская площадка;Нестерова Пилота ул. 7, 9
1258432255;Аэропорт;Спортивная площадка;Нестерова Пилота ул. 7, 9
1267309316;Аэропорт;Детская площадка;"Красноармейская ул. 5; Нестерова Пилота ул. 11"
1202525504;Аэропорт;Детская площадка;Балтийская ул. 10 к.1
1293082377;Аэропорт;Детская площадка;Усиевича ул. 5, 7, 9
936561650;Аэропорт;Детская площадка;Планетная ул. 6, 8
1298051596;Аэропорт;Детская площадка;Ленинградский просп. 58
1188249727;Аэропорт;Детская площадка;Усиевича ул. 1
1188249729;Аэропорт;Детская площадка;Усиевича ул. 1
1314700687;Аэропорт;Детская площадка;Черняховского ул. 4
1314700689;Аэропорт;Спортивная площадка;Черняховского ул. 4
1033392154;Аэропорт;Детская площадка;Ленинградский просп. 76 к.1, 76 к.2, 76 к.3, 76 к.4
1136913322;Аэропорт;Детская площадка;Амбулаторный 1-й пр. 2
934441582;Аэропорт;Детская площадка;Ленинградский просп. 60А, 60 к.1, 60 к.2
934441586;Аэропорт;Спортивная площадка;Ленинградский просп. 60А, 60 к.1, 60 к.2
934441598;Аэропорт;Детская площадка;Ленинградский просп. 60А, 60 к.1, 60 к.2
1318362061;Аэропорт;Спортивная площадка;Ленинградский просп. 60А, 60 к.1, 60 к.2
990140624;Аэропорт;Детская площадка;"Константина Симонова ул. 4; Ленинградский просп. 50"
990140622;Аэропорт;Детская площадка;"Константина Симонова ул. 4; Ленинградский просп. 50"
1180576385;Аэропорт;Детская площадка;8 Марта улица Аэропорт 9
1148182252;Аэропорт;Детская площадка;Планетная ул. 26
1144024157;Аэропорт;Детская площадка;Черняховского ул. 11 к.1, 11 к.2
908571464;Аэропорт;Детская площадка;Ильюшина Академика ул. 12
1181612288;Аэропорт;Детская площадка;Планетная ул. 14
1326541531;Аэропорт;Детская площадка;Часовая улица дом 27
1326541543;Аэропорт;Спортивная площадка;Часовая улица дом 27
932620256;Беговой;Детская площадка;Беговая ул. 28
932620272;Беговой;Спортивная площадка;Беговая ул. 28
1120292403;Беговой;Детская площадка;Правды ул. 6/34
1184896386;Беговой;Детская площадка;Правды ул. 7/9, 7/9 к.1
1184896388;Беговой;Детская площадка;Правды ул. 7/9, 7/9 к.1
1041613598;Беговой;Детская площадка;Расковой ул. 33 к.1, 33 к.2
1184980100;Беговой;Детская площадка;Боткинский 1-й пр. 4, 6
1063115445;Беговой;Детская площадка;Расковой ул. 24А
1180569055;Беговой;Детская площадка;Расковой ул. 22А
933644796;Беговой;Детская площадка;Беговая аллея 9
1184026994;Беговой;Спортивная площадка;Беговая ул. 18 к.1, 18 к.2
948129477;Беговой;Детская площадка;Ленинградский просп. 13 стр.1, 13 стр.1А
948129479;Беговой;Спортивная площадка;Ленинградский просп. 13 стр.1, 13 стр.1А
1184605896;Беговой;Детская площадка;Расковой ул. 16, 16/26 к.1
933624045;Беговой;Детская площадка;Беговая ул. 32
942516502;Беговой;Детская площадка;Ленинградский просп. 1
951113443;Беговой;Спортивная площадка;Башиловка Нов. ул. 14
1120917876;Беговой;Спортивная площадка;Ленинградский просп. 33 к.1, 33 к.10, 33 к.3, 33 к.4, 33 к.5, 33 к.6, 33 к.7, 33 к.8, 33 к.9
1120917880;Беговой;Спортивная площадка;Ленинградский просп. 33 к.1, 33 к.10, 33 к.3, 33 к.4, 33 к.5, 33 к.6, 33 к.7, 33 к.8, 33 к.9
1120917890;Беговой;Спортивная площадка;Ленинградский просп. 33 к.1, 33 к.10, 33 к.3, 33 к.4, 33 к.5, 33 к.6, 33 к.7, 33 к.8, 33 к.9
1182331121;Беговой;Детская площадка;Ленинградский просп. 33А
1182331127;Беговой;Спортивная площадка;Ленинградский просп. 33А
1186222371;Беговой;Детская площадка;Ленинградский просп. 29 к.1, 29 к.2, 29 к.3, 29 к.4
1186222373;Беговой;Спортивная площадка;Ленинградский просп. 29 к.1, 29 к.2, 29 к.3, 29 к.4
1186222381;Беговой;Спортивная площадка;Ленинградский просп. 29 к.1, 29 к.2, 29 к.3, 29 к.4
1186222383;Беговой;Детская площадка;Ленинградский просп. 29 к.1, 29 к.2, 29 к.3, 29 к.4
1186222385;Беговой;Спортивная площадка;Ленинградский просп. 29 к.1, 29 к.2, 29 к.3, 29 к.4
1186222387;Беговой;Детская площадка;Ленинградский просп. 29 к.1, 29 к.2, 29 к.3, 29 к.4
1186222391;Беговой;Детская площадка;Ленинградский просп. 29 к.1, 29 к.2, 29 к.3, 29 к.4
1186222393;Беговой;Детская площадка;Ленинградский просп. 29 к.1, 29 к.2, 29 к.3, 29 к.4
1186023538;Беговой;Детская площадка;Скаковая ул. 18, 18А
1186023540;Беговой;Детская площадка;Скаковая ул. 18, 18А
1186023552;Беговой;Спортивная площадка;Скаковая ул. 18, 18А
1060144440;Беговой;Детская площадка;Скаковая аллея 9
1060144446;Беговой;Детская площадка;Скаковая аллея 9
1147786681;Беговой;Детская площадка;Расковой ул. 25
1184919250;Беговой;Детская площадка;Поликарпова ул. 8
1154111108;Беговой;Детская площадка;Скаковая ул. 13 к.1, 13 к.2, 15 к.1, 15 к.2
1154111150;Беговой;Детская площадка;Скаковая ул. 13 к.1, 13 к.2, 15 к.1, 15 к.2
1182709477;Беговой;Детская площадка;Беговой пр. 8
1140989275;Беговой;Детская площадка;Беговая аллея 3
1140989287;Беговой;Спортивная площадка;Беговая аллея 3
895753521;Беговой;Детская площадка;Ленинградский просп. 14 к.1
1171605397;Беговой;Спортивная площадка;Беговая ул. 17 к.1
1171605399;Беговой;Детская площадка;Беговая ул. 17 к.1
1180428669;Беговой;Детская площадка;Правды ул. 2А
1184401149;Беговой;Детская площадка;Масловка Нижн. ул. 5, 5 к.1, 5 к.2, 5 к.3, 5 к.5
1184401153;Беговой;Детская площадка;Масловка Нижн. ул. 5, 5 к.1, 5 к.2, 5 к.3, 5 к.5
1184401155;Беговой;Спортивная площадка;Масловка Нижн. ул. 5, 5 к.1, 5 к.2, 5 к.3, 5 к.5
1184401159;Беговой;Детская площадка;Масловка Нижн. ул. 5, 5 к.1, 5 к.2, 5 к.3, 5 к.5
1184401161;Беговой;Спортивная площадка;Масловка Нижн. ул. 5, 5 к.1, 5 к.2, 5 к.3, 5 к.5
1171592168;Беговой;Спортивная площадка;Беговая ул. 13
895754967;Беговой;Детская площадка;Верхняя ул. 1
895754969;Беговой;Спортивная площадка;Верхняя ул. 1
1182818566;Беговой;Спортивная площадка;Скаковая ул. 34 к.1, 34 к.2, 34 к.3, 34 к.4
1145351206;Беговой;Спортивная площадка;Боткинский 1-й пр. 2/6
907551250;Беговой;Детская площадка;Беговая ул. 4
1182551066;Беговой;Детская площадка;Ленинградский просп. 24
1182551068;Беговой;Спортивная площадка;Ленинградский просп. 24
1147780974;Беговой;Спортивная площадка;Ленинградский просп. 14 к.4, 14 к.5
1147780978;Беговой;Детская площадка;Ленинградский просп. 14 к.4, 14 к.5
1148711115;Беговой;Спортивная площадка;Беговая ул. 34
1148711117;Беговой;Спортивная площадка;Беговая ул. 34
1148711127;Беговой;Детская площадка;Беговая ул. 34
1148711129;Беговой;Детская площадка;Беговая ул. 34
1167776138;Беговой;Детская площадка;Ленинградский просп. 2, 4/2
904916456;Беговой;Детская площадка;Беговая ул. 14
1183110620;Беговой;Детская площадка;Беговая ул. 24
1183110632;Беговой;Спортивная площадка;Беговая ул. 24
1139857933;Беговой;Детская площадка;Беговая аллея 5 к.2
1139857935;Беговой;Спортивная площадка;Беговая аллея 5 к.2
;Беговой;Детская площадка;Правды ул. 11
1088607988;Беговой;Спортивная площадка;Правды ул. 11
1088607992;Беговой;Спортивная площадка;Правды ул. 11
1088607996;Беговой;Спортивная площадка;Правды ул. 11
911392751;Беговой;Детская площадка;Скаковая ул. 5
1183331551;Беговой;Детская площадка;Беговая ул. 6 к.3
1183331555;Беговой;Детская площадка;Беговая ул. 6 к.3
1138822370;Беговой;Детская площадка;Верхняя ул. 6
951113437;Беговой;Спортивная площадка;Башиловка Нов. ул. 14
951113439;Беговой;Детская площадка;Башиловка Нов. ул. 14
951113441;Беговой;Детская площадка;Башиловка Нов. ул. 14
1184026982;Беговой;Спортивная площадка;Беговая ул. 18 к.1, 18 к.2
1171592125;Беговой;Спортивная площадка;Беговая ул. 13
1171592115;Беговой;Детская площадка;Беговая ул. 13
1120917868;Беговой;Спортивная площадка;Ленинградский просп. 33 к.1, 33 к.10, 33 к.3, 33 к.4, 33 к.5, 33 к.6, 33 к.7, 33 к.8, 33 к.9
1182818554;Беговой;Спортивная площадка;Скаковая ул. 34 к.1, 34 к.2, 34 к.3, 34 к.4
1184026984;Беговой;Детская площадка;Беговая ул. 18 к.1, 18 к.2
1184027002;Беговой;Детская площадка;Беговая ул. 18 к.1, 18 к.2
1171592156;Беговой;Детская площадка;Беговая ул. 13
1120917872;Беговой;Детская площадка;Ленинградский просп. 33 к.1, 33 к.10, 33 к.3, 33 к.4, 33 к.5, 33 к.6, 33 к.7, 33 к.8, 33 к.9
1120917878;Беговой;Детская площадка;Ленинградский просп. 33 к.1, 33 к.10, 33 к.3, 33 к.4, 33 к.5, 33 к.6, 33 к.7, 33 к.8, 33 к.9
1120917874;Беговой;Детская площадка;Ленинградский просп. 33 к.1, 33 к.10, 33 к.3, 33 к.4, 33 к.5, 33 к.6, 33 к.7, 33 к.8, 33 к.9
1120917870;Беговой;Детская площадка;Ленинградский просп. 33 к.1, 33 к.10, 33 к.3, 33 к.4, 33 к.5, 33 к.6, 33 к.7, 33 к.8, 33 к.9
1182818558;Беговой;Детская площадка;Скаковая ул. 34 к.1, 34 к.2, 34 к.3, 34 к.4
1188179999;Беговой;Детская площадка;Беговая ул. 15
1146774489;Беговой;Детская площадка;Расковой ул. 5, 7
1101232316;Беговой;Детская площадка;"Башиловка Нов. ул. 4, 6; Ленинградский просп. 34; Расковой ул. 1"
1101232318;Беговой;Спортивная площадка;"Башиловка Нов. ул. 4, 6; Ленинградский просп. 34; Расковой ул. 1"
1101232324;Беговой;Спортивная площадка;"Башиловка Нов. ул. 4, 6; Ленинградский просп. 34; Расковой ул. 1"
1101232328;Беговой;Детская площадка;"Башиловка Нов. ул. 4, 6; Ленинградский просп. 34; Расковой ул. 1"
1101232310;Беговой;Спортивная площадка;"Башиловка Нов. ул. 4, 6; Ленинградский просп. 34; Расковой ул. 1"
1295861891;Беговой;Детская площадка;Расковой пер. 19
949947747;Беговой;Детская площадка;Нижняя ул. 11
949947751;Беговой;Спортивная площадка;Нижняя ул. 11
1137647159;Беговой;Детская площадка;Ямского Поля 3-я ул. 17
1298845218;Беговой;Спортивная площадка;Ямского Поля 3-я ул. 17
1182501634;Беговой;Спортивная площадка;Правды ул. 5
1182501636;Беговой;Детская площадка;Правды ул. 5
1182501640;Беговой;Спортивная площадка;Правды ул. 5
1182501642;Беговой;Спортивная площадка;Правды ул. 5
1148678812;Беговой;Детская площадка;Правды ул. 1/2
1148678824;Беговой;Спортивная площадка;Правды ул. 1/2
1148678810;Беговой;Детская площадка;Правды ул. 1/2
1183994620;Беговой;Детская площадка;Ямского Поля 5-я ул. 23 к.1, 23 к.2
1183994626;Беговой;Детская площадка;Ямского Поля 5-я ул. 23 к.1, 23 к.2
1183994630;Беговой;Спортивная площадка;Ямского Поля 5-я ул. 23 к.1, 23 к.2
1305575946;Беговой;Спортивная площадка;Ямского Поля 5-я ул. 23 к.1, 23 к.2
1185440247;Беговой;Спортивная площадка;Нижняя улица дом 3, дом 5, дом 7
1185440218;Беговой;Детская площадка;Нижняя улица дом 3, дом 5, дом 7
1185440222;Беговой;Спортивная площадка;Нижняя улица дом 3, дом 5, дом 7
1145351196;Беговой;Детская площадка;Боткинский 1-й пр. 2/6
1185262348;Беговой;Детская площадка;Ленинградский просп. 5 стр.2, 5 стр.3
1158456556;Беговой;Детская площадка;Ленинградский просп. 12
1131756442;Беговой;Детская площадка;Скаковая ул. 14, 4 к.1, 4 к.2
1131756444;Беговой;Детская площадка;Скаковая ул. 14, 4 к.1, 4 к.2
933478078;Беговой;Детская площадка;Ленинградский просп. 35
933478082;Беговой;Спортивная площадка;Ленинградский просп. 35
1153281902;Беговой;Детская площадка;Правды ул. 4
1148181380;Беговой;Детская площадка;Ленинградский просп. 10
1148181384;Беговой;Детская площадка;Ленинградский просп. 10
1148181392;Беговой;Детская площадка;Ленинградский просп. 10
1120293017;Беговой;Детская площадка;Ямского Поля 1-я ул. 24
1120293023;Беговой;Спортивная площадка;Ямского Поля 1-я ул. 24
939334901;Беговой;Детская площадка;Беговая ул. 6 к.2
939334907;Беговой;Спортивная площадка;Беговая ул. 6 к.2
1148976784;Беговой;Детская площадка;Беговая ул. 5
1148976792;Беговой;Спортивная площадка;Беговая ул. 5
1184934665;Беговой;Детская площадка;Беговая ул. 7
1180873456;Беговой;Детская площадка;Расковой ул. 23А
1181269403;Беговой;Детская площадка;Расковой ул. 30
1181269417;Беговой;Спортивная площадка;Расковой ул. 30
904909610;Беговой;Детская площадка;Ленинградский просп. 27
864919989;Беговой;Детская площадка;Башиловка Нов. ул. 16
1139847723;Беговой;Детская площадка;Беговая аллея 5 к.3
988367047;Беговой;Детская площадка;Ленинградский просп. 28
988367063;Беговой;Спортивная площадка;Ленинградский просп. 28
853845342;Беговой;Детская площадка;Беговая ул. 2
1139021105;Беговой;Детская площадка;Беговой пр. 7, 9
1139021131;Беговой;Спортивная площадка;Беговой пр. 7, 9
1146548981;Беговой;Спортивная площадка;Правды ул. 17/19
1296045930;Беговой;Детская площадка;Правды ул. 1
1145230744;Беговой;Детская площадка;Беговая ул. 11
1265645537;Бескудниковский;Детская площадка;Бескудниковский бульвар дом 36, корпус 3
1267222527;Бескудниковский;Детская площадка;Дмитровское шоссе 105 к.5, 105 к.6
1267225169;Бескудниковский;Спортивная площадка;Бескудниковский пер. 1 к.1, 1 к.2, 1 к.3
1267225171;Бескудниковский;Детская площадка;Бескудниковский пер. 1 к.1, 1 к.2, 1 к.3
1267225173;Бескудниковский;Детская площадка;Бескудниковский пер. 1 к.1, 1 к.2, 1 к.3
1267225185;Бескудниковский;Спортивная площадка;Бескудниковский пер. 1 к.1, 1 к.2, 1 к.3
1267225191;Бескудниковский;Спортивная площадка;Бескудниковский пер. 1 к.1, 1 к.2, 1 к.3
1267228529;Бескудниковский;Детская площадка;Дубнинская ул. 53 к.2
1267243592;Бескудниковский;Детская площадка;Бескудниковский бульв. 36 к.1, 36 к.2, 36 к.4
1267311075;Бескудниковский;Детская площадка;Коровинское шоссе 6 к.1
1267588980;Бескудниковский;Детская площадка;Селигерская ул. 2
1267588990;Бескудниковский;Детская площадка;Селигерская ул. 2
1267589001;Бескудниковский;Детская площадка;Селигерская ул. 2
1268150191;Бескудниковский;Спортивная площадка;Бескудниковский бульв. 29 к.1
1268150193;Бескудниковский;Детская площадка;Бескудниковский бульв. 29 к.1
1268150195;Бескудниковский;Спортивная площадка;Бескудниковский бульв. 29 к.1
1268237544;Бескудниковский;Детская площадка;Рогачевский пер. 4 к.1
1268237546;Бескудниковский;Детская площадка;Рогачевский пер. 4 к.1
1268237548;Бескудниковский;Детская площадка;Рогачевский пер. 4 к.1
1268278837;Бескудниковский;Детская площадка;Бескудниковский бульв. 21 к.1
1268374695;Бескудниковский;Детская площадка;Бескудниковский бульв. 11 к.2
1268390399;Бескудниковский;Детская площадка;Бескудниковский бульв. 28 к.1, 28 к.2, 28 к.3, 28 к.4
1268390403;Бескудниковский;Детская площадка;Бескудниковский бульв. 28 к.1, 28 к.2, 28 к.3, 28 к.4
1268390406;Бескудниковский;Детская площадка;Бескудниковский бульв. 28 к.1, 28 к.2, 28 к.3, 28 к.4
1268394131;Бескудниковский;Детская площадка;Дмитровское шоссе 96 к.4
1268436026;Бескудниковский;Спортивная площадка;Дмитровское шоссе 68
1268436028;Бескудниковский;Детская площадка;Дмитровское шоссе 68
1268436034;Бескудниковский;Спортивная площадка;Дмитровское шоссе 68
1268436036;Бескудниковский;Детская площадка;Дмитровское шоссе 68
1268468457;Бескудниковский;Детская площадка;Дубнинская улица дом 5, корпус 2
1268482129;Бескудниковский;Детская площадка;Бескудниковский бульв. 15 к.1
1268482131;Бескудниковский;Детская площадка;Бескудниковский бульв. 15 к.1
1268482139;Бескудниковский;Детская площадка;Бескудниковский бульв. 15 к.1
1268492781;Бескудниковский;Спортивная площадка;Бескудниковский бульв. 30 к.4
1268492789;Бескудниковский;Детская площадка;Бескудниковский бульв. 30 к.4
1268492797;Бескудниковский;Спортивная площадка;Бескудниковский бульв. 30 к.4
1269474154;Бескудниковский;Детская площадка;Восьмисотлетия Москвы ул. 10, 8
1269474158;Бескудниковский;Детская площадка;Восьмисотлетия Москвы ул. 10, 8
1269659014;Бескудниковский;Детская площадка;Бескудниковский бульв. 38 к.1
1269680476;Бескудниковский;Детская площадка;Селигерская ул. 18 к.1
1269717368;Бескудниковский;Детская площадка;Дубнинская ул. 53 к.1
1269791749;Бескудниковский;Детская площадка;Бескудниковский бульвар дом 51
1269797215;Бескудниковский;Детская площадка;Дубнинская ул. 53 к.3
1269802934;Бескудниковский;Спортивная площадка;Бескудниковский пр. 2 к.2
1270034886;Бескудниковский;Детская площадка;Дмитровское шоссе 86
1270034892;Бескудниковский;Детская площадка;Дмитровское шоссе 86
1270034894;Бескудниковский;Спортивная площадка;Дмитровское шоссе 86
1270070162;Бескудниковский;Детская площадка;Дмитровское шоссе 86 к.6, 88 к.2
1270070178;Бескудниковский;Детская площадка;Дмитровское шоссе 86 к.6, 88 к.2
1270070182;Бескудниковский;Детская площадка;Дмитровское шоссе 86 к.6, 88 к.2
1270070184;Бескудниковский;Детская площадка;Дмитровское шоссе 86 к.6, 88 к.2
1270095558;Бескудниковский;Детская площадка;Дубнинская улица дом 47, корпус 1
1270095562;Бескудниковский;Детская площадка;Дубнинская улица дом 47, корпус 1
1270095576;Бескудниковский;Детская площадка;Дубнинская улица дом 47, корпус 1
1270098114;Бескудниковский;Спортивная площадка;Бескудниковский бульв. 13
1270098118;Бескудниковский;Детская площадка;Бескудниковский бульв. 13
1270098120;Бескудниковский;Детская площадка;Бескудниковский бульв. 13
1270098122;Бескудниковский;Детская площадка;Бескудниковский бульв. 13
1270098126;Бескудниковский;Детская площадка;Бескудниковский бульв. 13
1270098134;Бескудниковский;Спортивная площадка;Бескудниковский бульв. 13
1270098142;Бескудниковский;Детская площадка;Бескудниковский бульв. 13
1270107696;Бескудниковский;Спортивная площадка;Бескудниковский бульв. 30 к.3
1270107708;Бескудниковский;Детская площадка;Бескудниковский бульв. 30 к.3
1270107714;Бескудниковский;Детская площадка;Бескудниковский бульв. 30 к.3
1270107736;Бескудниковский;Детская площадка;Бескудниковский бульв. 30 к.3
1270107738;Бескудниковский;Детская площадка;Бескудниковский бульв. 30 к.3
1270161602;Бескудниковский;Спортивная площадка;Дмитровское шоссе 74 к.1
1270161610;Бескудниковский;Спортивная площадка;Дмитровское шоссе 74 к.1
1270161612;Бескудниковский;Спортивная площадка;Дмитровское шоссе 74 к.1
1270161620;Бескудниковский;Детская площадка;Дмитровское шоссе 74 к.1
1270161622;Бескудниковский;Детская площадка;Дмитровское шоссе 74 к.1
1270161626;Бескудниковский;Детская площадка;Дмитровское шоссе 74 к.1
1270161642;Бескудниковский;Спортивная площадка;Дмитровское шоссе 74 к.1
1270165876;Бескудниковский;Детская площадка;Селигерская ул. 22/2
1270165878;Бескудниковский;Детская площадка;Селигерская ул. 22/2
1270319007;Бескудниковский;Детская площадка;Бескудниковский бульв. 57 к.1, 57 к.2, 57 к.3
1270377593;Бескудниковский;Детская площадка;Дмитровское шоссе 64 к.4
1270377597;Бескудниковский;Спортивная площадка;Дмитровское шоссе 64 к.4
1270556451;Бескудниковский;Детская площадка;Дмитровское шоссе 101 к.1, 99 к.2
1270844082;Бескудниковский;Спортивная площадка;Дмитровское шоссе 90 к.1, 90 к.2
1270844084;Бескудниковский;Детская площадка;Дмитровское шоссе 90 к.1, 90 к.2
1270844086;Бескудниковский;Спортивная площадка;Дмитровское шоссе 90 к.1, 90 к.2
1271386998;Бескудниковский;Спортивная площадка;Дубнинская ул. 29 к.1
1271409648;Бескудниковский;Детская площадка;Дубнинская ул. 37 к.1
1271452947;Бескудниковский;Спортивная площадка;Селигерская ул. 26 к.1
1271452951;Бескудниковский;Детская площадка;Селигерская ул. 26 к.1
1271452957;Бескудниковский;Детская площадка;Селигерская ул. 26 к.1
1272039720;Бескудниковский;Детская площадка;Бескудниковский бульв. 16 к.1, 16 к.2, 16 к.3, 16 к.4
1272695696;Бескудниковский;Детская площадка;Дубнинская ул. 35
1272695716;Бескудниковский;Спортивная площадка;Дубнинская ул. 35
1272695736;Бескудниковский;Детская площадка;Дубнинская ул. 35
1272952511;Бескудниковский;Спортивная площадка;Бескудниковский бульв. 5
1272952519;Бескудниковский;Спортивная площадка;Бескудниковский бульв. 5
1272952527;Бескудниковский;Детская площадка;Бескудниковский бульв. 5
1272952535;Бескудниковский;Детская площадка;Бескудниковский бульв. 5
1272952567;Бескудниковский;Детская площадка;Бескудниковский бульв. 5
1273005879;Бескудниковский;Детская площадка;Дубнинская ул. 71 к.1
1273188393;Бескудниковский;Спортивная площадка;Бескудниковский бульвар дом 23, корпус 1
1273188395;Бескудниковский;Детская площадка;Бескудниковский бульвар дом 23, корпус 1
1273188399;Бескудниковский;Спортивная площадка;Бескудниковский бульвар дом 23, корпус 1
1273188407;Бескудниковский;Спортивная площадка;Бескудниковский бульвар дом 23, корпус 1
1273436702;Бескудниковский;Детская площадка;Бескудниковский бульв. 58 к.1
1273438228;Бескудниковский;Детская площадка;Бескудниковский бульв. 19 к.2
1273438246;Бескудниковский;Детская площадка;Бескудниковский бульв. 19 к.2
1273438254;Бескудниковский;Детская площадка;Бескудниковский бульв. 19 к.2
1273438262;Бескудниковский;Детская площадка;Бескудниковский бульв. 19 к.2
1273438270;Бескудниковский;Спортивная площадка;Бескудниковский бульв. 19 к.2
1273701561;Бескудниковский;Детская площадка;Дмитровское шоссе 95 к.1, 95 к.2
1273701572;Бескудниковский;Спортивная площадка;Дмитровское шоссе 95 к.1, 95 к.2
1273774883;Бескудниковский;Спортивная площадка;Дмитровское шоссе 64 к.1, 64 к.2, 64 к.3
1273774897;Бескудниковский;Детская площадка;Дмитровское шоссе 64 к.1, 64 к.2, 64 к.3
1274005503;Бескудниковский;Спортивная площадка;"Бескудниковский бульвар дом 44, дом 46, корпус 2, дом 46, корпус 3; Дмитровское шоссе дом 99, корпус 1"
1274005543;Бескудниковский;Детская площадка;"Бескудниковский бульвар дом 44, дом 46, корпус 2, дом 46, корпус 3; Дмитровское шоссе дом 99, корпус 1"
1274005551;Бескудниковский;Детская площадка;"Бескудниковский бульвар дом 44, дом 46, корпус 2, дом 46, корпус 3; Дмитровское шоссе дом 99, корпус 1"
1274005567;Бескудниковский;Спортивная площадка;"Бескудниковский бульвар дом 44, дом 46, корпус 2, дом 46, корпус 3; Дмитровское шоссе дом 99, корпус 1"
1274005575;Бескудниковский;Детская площадка;"Бескудниковский бульвар дом 44, дом 46, корпус 2, дом 46, корпус 3; Дмитровское шоссе дом 99, корпус 1"
1274005673;Бескудниковский;Детская площадка;"Бескудниковский бульвар дом 44, дом 46, корпус 2, дом 46, корпус 3; Дмитровское шоссе дом 99, корпус 1"
1274124578;Бескудниковский;Детская площадка;Бескудниковский бульв. 2 к.1
1274228031;Бескудниковский;Детская площадка;Бескудниковский бульв. 30 к.2
1274265733;Бескудниковский;Детская площадка;Бескудниковский пр. 2 к.1
1274483870;Бескудниковский;Детская площадка;Бескудниковский бульв. 6 к.3, 6 к.4
1274483878;Бескудниковский;Детская площадка;Бескудниковский бульв. 6 к.3, 6 к.4
1274497884;Бескудниковский;Детская площадка;Бескудниковский бульв. 6 к.2
1274497888;Бескудниковский;Детская площадка;Бескудниковский бульв. 6 к.2
1274676391;Бескудниковский;Спортивная площадка;Бескудниковский бульв. 17 к.1, 19 к.1
1274676460;Бескудниковский;Детская площадка;Бескудниковский бульв. 17 к.1, 19 к.1
1274676474;Бескудниковский;Детская площадка;Бескудниковский бульв. 17 к.1, 19 к.1
1274676490;Бескудниковский;Детская площадка;Бескудниковский бульв. 17 к.1, 19 к.1
1274676518;Бескудниковский;Детская площадка;Бескудниковский бульв. 17 к.1, 19 к.1
1274676616;Бескудниковский;Детская площадка;Бескудниковский бульв. 17 к.1, 19 к.1
1274676630;Бескудниковский;Детская площадка;Бескудниковский бульв. 17 к.1, 19 к.1
1274765363;Бескудниковский;Спортивная площадка;Бескудниковский бульв. 32 к.6
1274765403;Бескудниковский;Детская площадка;Бескудниковский бульв. 32 к.6
1274765421;Бескудниковский;Детская площадка;Бескудниковский бульв. 32 к.6
1274881560;Бескудниковский;Спортивная площадка;Селигерская ул. 18 к.2, 18 к.3, 18 к.4
1274881574;Бескудниковский;Детская площадка;Селигерская ул. 18 к.2, 18 к.3, 18 к.4
1274881646;Бескудниковский;Спортивная площадка;Селигерская ул. 18 к.2, 18 к.3, 18 к.4
1274889535;Бескудниковский;Детская площадка;Дубнинская ул. 1, 3
1274889547;Бескудниковский;Спортивная площадка;Дубнинская ул. 1, 3
1274899691;Бескудниковский;Детская площадка;Бескудниковский бульв. 25 к.4, 27 к.4
1274899712;Бескудниковский;Спортивная площадка;Бескудниковский бульв. 25 к.4, 27 к.4
1274899732;Бескудниковский;Детская площадка;Бескудниковский бульв. 25 к.4, 27 к.4
1274899742;Бескудниковский;Спортивная площадка;Бескудниковский бульв. 25 к.4, 27 к.4
1275163145;Бескудниковский;Детская площадка;Бескудниковский бульв. 24 к.1
1275163171;Бескудниковский;Детская площадка;Бескудниковский бульв. 24 к.1
1275254713;Бескудниковский;Детская площадка;Дубнинская ул. 69 к.1, 69 к.2, 69 к.3
1275254729;Бескудниковский;Детская площадка;Дубнинская ул. 69 к.1, 69 к.2, 69 к.3
1275254761;Бескудниковский;Детская площадка;Дубнинская ул. 69 к.1, 69 к.2, 69 к.3
1275281910;Бескудниковский;Спортивная площадка;Восьмисотлетия Москвы ул. 4 к.2, 6
1275281922;Бескудниковский;Детская площадка;Восьмисотлетия Москвы ул. 4 к.2, 6
1275281942;Бескудниковский;Детская площадка;Восьмисотлетия Москвы ул. 4 к.2, 6
1275281992;Бескудниковский;Детская площадка;Восьмисотлетия Москвы ул. 4 к.2, 6
1275282060;Бескудниковский;Детская площадка;Восьмисотлетия Москвы ул. 4 к.2, 6
1275282102;Бескудниковский;Детская площадка;Восьмисотлетия Москвы ул. 4 к.2, 6
1275373309;Бескудниковский;Детская площадка;Коровинское шоссе 4 к.3, 4 к.4
1275374525;Бескудниковский;Детская площадка;Бескудниковский бульв. 21 к.2
1275374535;Бескудниковский;Детская площадка;Бескудниковский бульв. 21 к.2
1275374557;Бескудниковский;Детская площадка;Бескудниковский бульв. 21 к.2
1275374567;Бескудниковский;Детская площадка;Бескудниковский бульв. 21 к.2
1275374597;Бескудниковский;Спортивная площадка;Бескудниковский бульв. 21 к.2
1275374607;Бескудниковский;Детская площадка;Бескудниковский бульв. 21 к.2
1275374619;Бескудниковский;Спортивная площадка;Бескудниковский бульв. 21 к.2
1275374639;Бескудниковский;Спортивная площадка;Бескудниковский бульв. 21 к.2
1275374649;Бескудниковский;Детская площадка;Бескудниковский бульв. 21 к.2
1275458332;Бескудниковский;Детская площадка;Дубнинская ул. 43
1275458340;Бескудниковский;Детская площадка;Дубнинская ул. 43
1275458364;Бескудниковский;Детская площадка;Дубнинская ул. 43
1275458378;Бескудниковский;Детская площадка;Дубнинская ул. 43
1275481608;Бескудниковский;Спортивная площадка;Бескудниковский бульвар дом 55, корпус 1, дом 55, корпус 2, дом 55, корпус 3
1275481638;Бескудниковский;Детская площадка;Бескудниковский бульвар дом 55, корпус 1, дом 55, корпус 2, дом 55, корпус 3
1275481668;Бескудниковский;Детская площадка;Бескудниковский бульвар дом 55, корпус 1, дом 55, корпус 2, дом 55, корпус 3
1275569089;Бескудниковский;Детская площадка;Бескудниковский пр. 4 к.2
1275569102;Бескудниковский;Детская площадка;Бескудниковский пр. 4 к.2
1275674367;Бескудниковский;Спортивная площадка;Дмитровское шоссе 74 к.2
1275674371;Бескудниковский;Спортивная площадка;Дмитровское шоссе 74 к.2
1275720440;Бескудниковский;Детская площадка;Бескудниковский проезд дом 4, корпус 1
1275720450;Бескудниковский;Спортивная площадка;Бескудниковский проезд дом 4, корпус 1
1275720472;Бескудниковский;Детская площадка;Бескудниковский проезд дом 4, корпус 1
1275720484;Бескудниковский;Детская площадка;Бескудниковский проезд дом 4, корпус 1
1275720494;Бескудниковский;Детская площадка;Бескудниковский проезд дом 4, корпус 1
1275720518;Бескудниковский;Детская площадка;Бескудниковский проезд дом 4, корпус 1
1279107252;Бескудниковский;Детская площадка;Дубнинская ул. 39
1279107310;Бескудниковский;Детская площадка;Дубнинская ул. 39
1280865036;Бескудниковский;Детская площадка;Бескудниковский бульв. 4
1270161604;Бескудниковский;Спортивная площадка;Дмитровское шоссе 74 к.1
1292508464;Бескудниковский;Детская площадка;Бескудниковский бульв. 52
1292716146;Бескудниковский;Детская площадка;Бескудниковский бульв. 50/1
1292716188;Бескудниковский;Спортивная площадка;Бескудниковский бульв. 50/1
1296952474;Бескудниковский;Детская площадка;Рогачевский пер. 7 к.1
1296952706;Бескудниковский;Детская площадка;Рогачевский пер. 7 к.1
1296952732;Бескудниковский;Детская площадка;Рогачевский пер. 7 к.1
1305677541;Бескудниковский;Детская площадка;Дмитровское шоссе 96 к.1
1305677705;Бескудниковский;Детская площадка;Дмитровское шоссе 96 к.1
1305677981;Бескудниковский;Детская площадка;Дмитровское шоссе 96 к.1
1313544442;Бескудниковский;Спортивная площадка;Бескудниковский бульв. 58 к.3
1313544552;Бескудниковский;Детская площадка;Бескудниковский бульв. 58 к.3
1316948732;Бескудниковский;Детская площадка;Бескудниковский бульв. 31
1316948734;Бескудниковский;Детская площадка;Бескудниковский бульв. 31
1316948736;Бескудниковский;Спортивная площадка;Бескудниковский бульв. 31
1316948738;Бескудниковский;Детская площадка;Бескудниковский бульв. 31
1316948740;Бескудниковский;Спортивная площадка;Бескудниковский бульв. 31
1316948970;Бескудниковский;Детская площадка;Бескудниковский бульв. 31
1316948984;Бескудниковский;Детская площадка;Бескудниковский бульв. 31
1316948986;Бескудниковский;Детская площадка;Бескудниковский бульв. 31
1316949308;Бескудниковский;Спортивная площадка;Бескудниковский бульв. 31
1319662030;Бескудниковский;Детская площадка;Дмитровское шоссе 70
1319662602;Бескудниковский;Спортивная площадка;Дмитровское шоссе 70
1319662612;Бескудниковский;Детская площадка;Дмитровское шоссе 70
1321617120;Бескудниковский;Детская площадка;Восьмисотлетия Москвы ул. 12
1321617218;Бескудниковский;Детская площадка;Восьмисотлетия Москвы ул. 12
1321617272;Бескудниковский;Спортивная площадка;Восьмисотлетия Москвы ул. 12
1323725053;Бескудниковский;Спортивная площадка;Бескудниковский бульв. 11 к.1
1323725173;Бескудниковский;Детская площадка;Бескудниковский бульв. 11 к.1
1323725239;Бескудниковский;Спортивная площадка;Бескудниковский бульв. 11 к.1
1323725245;Бескудниковский;Спортивная площадка;Бескудниковский бульв. 11 к.1
1323725249;Бескудниковский;Детская площадка;Бескудниковский бульв. 11 к.1
1323725251;Бескудниковский;Детская площадка;Бескудниковский бульв. 11 к.1
1323725253;Бескудниковский;Детская площадка;Бескудниковский бульв. 11 к.1
1024332553;Бескудниковский;Спортивная площадка;Бескудниковский бульв. 48 к.5, 48 к.6, 48 к.7
1024332555;Бескудниковский;Детская площадка;Бескудниковский бульв. 48 к.5, 48 к.6, 48 к.7
1261575015;Бескудниковский;Детская площадка;Коровинское шоссе 12
1261575047;Бескудниковский;Спортивная площадка;Коровинское шоссе 12
1261575183;Бескудниковский;Детская площадка;Коровинское шоссе 12
1261575193;Бескудниковский;Детская площадка;Коровинское шоссе 12
1267421826;Бескудниковский;Детская площадка;Коровинское шоссе дом 6, корпус 3
1267446942;Бескудниковский;Детская площадка;Дмитровское шоссе 97 к.1
1268220920;Бескудниковский;Детская площадка;Бескудниковский бульв. 32 к.5
1268220976;Бескудниковский;Детская площадка;Бескудниковский бульв. 32 к.5
1269743334;Бескудниковский;Детская площадка;Селигерская ул. 32А
1269743338;Бескудниковский;Детская площадка;Селигерская ул. 32А
1269743342;Бескудниковский;Спортивная площадка;Селигерская ул. 32А
1270067011;Бескудниковский;Спортивная площадка;Дмитровское шоссе 76 к.1
1270080158;Бескудниковский;Спортивная площадка;Бескудниковский бульв. 3
1270080162;Бескудниковский;Спортивная площадка;Бескудниковский бульв. 3
1270080164;Бескудниковский;Детская площадка;Бескудниковский бульв. 3
1270164687;Бескудниковский;Детская площадка;Коровинское шоссе 2В
1270164694;Бескудниковский;Спортивная площадка;Коровинское шоссе 2В
1271350069;Бескудниковский;Детская площадка;Бескудниковский бульв. 47, 49
1271682189;Бескудниковский;Детская площадка;Коровинское шоссе 4А
1271802431;Бескудниковский;Детская площадка;Дубнинская ул. 61
1271802439;Бескудниковский;Детская площадка;Дубнинская ул. 61
1274870893;Бескудниковский;Спортивная площадка;Бескудниковский бульв. 22
1274870905;Бескудниковский;Детская площадка;Бескудниковский бульв. 22
1274870927;Бескудниковский;Детская площадка;Бескудниковский бульв. 22
1278009298;Бескудниковский;Детская площадка;Дубнинская ул. 37 к.2
1294085740;Бескудниковский;Детская площадка;Дубнинская ул. 45 к.1
1309767336;Бескудниковский;Детская площадка;Бескудниковский бульв. 56 к.1
1324308852;Бескудниковский;Детская площадка;Дмитровское шоссе дом 93, корпус 2
1324308930;Бескудниковский;Детская площадка;Дмитровское шоссе дом 93, корпус 2
908281864;Войковский;Спортивная площадка;Зои и Александра Космодемьянских ул. 20, 22 к.1, 22 к.2
1024338198;Войковский;Спортивная площадка;Зои и Александра Космодемьянских ул. 18 к.1, 18 к.2
939893600;Войковский;Спортивная площадка;Волкова Космонавта ул. 5 к.2
939893602;Войковский;Спортивная площадка;Волкова Космонавта ул. 5 к.2
1140539309;Войковский;Спортивная площадка;Ленинградское шоссе 8 к.1, 8 к.2, 8 к.3
1140539311;Войковский;Спортивная площадка;Ленинградское шоссе 8 к.1, 8 к.2, 8 к.3
955987531;Войковский;Детская площадка;Новоподмосковный 2-й пер. 6, 8
955987539;Войковский;Детская площадка;Новоподмосковный 2-й пер. 6, 8
894970162;Войковский;Детская площадка;Старопетровский пр. 10Б
894970164;Войковский;Детская площадка;Старопетровский пр. 10Б
884403956;Войковский;Детская площадка;Войковский 1-й пр. 12, 14, 14Б, 14 к.2
885265207;Войковский;Детская площадка;Войковский 1-й пр. 6 к.1, 6 к.2
1027730436;Войковский;Детская площадка;Макарова Адмирала ул. 35
1020238882;Войковский;Детская площадка;Макарова Адмирала ул. 3, 7
894993918;Войковский;Детская площадка;"Вокзальный пер. 4; Волкова Космонавта ул. 11"
940951894;Войковский;Детская площадка;Нарвская ул. 15 к.3
934054418;Войковский;Детская площадка;Войковский 4-й пр. 8
885271201;Войковский;Детская площадка;Войковский 2-й пр. 5
890794986;Войковский;Детская площадка;Войковский 5-й пр. 10, 14
907705228;Войковский;Детская площадка;Клары Цеткин ул. 25 к.2
907705232;Войковский;Спортивная площадка;Клары Цеткин ул. 25 к.2
952459625;Войковский;Детская площадка;Ленинградское шоссе 26 к.2, 26 к.3
909569338;Войковский;Детская площадка;Радиаторская 3-я ул. 8
1148488318;Войковский;Детская площадка;Войковский 2-й пр. 8
890751566;Войковский;Детская площадка;"Войковский 2-й пр. 1; Ленинградское шоссе 9 к.3"
890751568;Войковский;Спортивная площадка;"Войковский 2-й пр. 1; Ленинградское шоссе 9 к.3"
909568248;Войковский;Детская площадка;Радиаторская 3-я ул. 13
973076370;Войковский;Детская площадка;"Войковский 4-й пр. 4; Ленинградское шоссе 19, 21"
973076378;Войковский;Спортивная площадка;"Войковский 4-й пр. 4; Ленинградское шоссе 19, 21"
934765172;Войковский;Детская площадка;"Войковский 4-й пр. 3, 5; Ленинградское шоссе 17/1"
946285953;Войковский;Детская площадка;Волкова Космонавта ул. 7
920131590;Войковский;Детская площадка;Новоподмосковный 4-й пер. 3
941288223;Войковский;Детская площадка;Ленинградское шоссе 22, 24 к.1, 24 к.2
941288227;Войковский;Детская площадка;Ленинградское шоссе 22, 24 к.1, 24 к.2
890821459;Войковский;Детская площадка;Зои и Александра Космодемьянских ул. 16 к.1, 16 к.2
878596165;Войковский;Детская площадка;Зои и Александра Космодемьянских ул. 14/10
1110152090;Войковский;Детская площадка;Ленинградское шоссе 36 к.2
1193685110;Войковский;Детская площадка;Ленинградское шоссе 46
1193311982;Войковский;Спортивная площадка;Ленинградское шоссе дом 48, корпус 1, дом 48, корпус 2, дом 48, корпус 3
909577362;Войковский;Детская площадка;Радиаторская 3-я ул. 9
909560260;Войковский;Детская площадка;Войковский 5-й пр. 16, 16 к.2
909560280;Войковский;Спортивная площадка;Войковский 5-й пр. 16, 16 к.2
946285253;Войковский;Детская площадка;"Войковский 4-й пр. 9; Радиаторская 1-я ул. 11; Радиаторская 2-я ул. 10, 12"
946285255;Войковский;Детская площадка;"Войковский 4-й пр. 9; Радиаторская 1-я ул. 11; Радиаторская 2-я ул. 10, 12"
964039006;Войковский;Детская площадка;"Зои и Александра Космодемьянских ул. 24А; Клары Цеткин ул. 19"
964039008;Войковский;Детская площадка;"Зои и Александра Космодемьянских ул. 24А; Клары Цеткин ул. 19"
895014640;Войковский;Детская площадка;Новоподмосковный 5-й пер. 4 к.1, 4 к.2
1084900507;Войковский;Детская площадка;Макарова Адмирала ул. 11, 13
1084900509;Войковский;Спортивная площадка;Макарова Адмирала ул. 11, 13
1147972357;Войковский;Детская площадка;Зои и Александра Космодемьянских ул. 17/2
1147972359;Войковский;Детская площадка;Зои и Александра Космодемьянских ул. 17/2
1176846003;Войковский;Детская площадка;Нарвская ул. 5А
1176846013;Войковский;Спортивная площадка;Нарвская ул. 5А
889823980;Войковский;Детская площадка;"Войковский 1-й пр. 4 к.1, 4 к.2; Ленинградское шоссе 9 к.2"
909581944;Войковский;Детская площадка;Радиаторская 3-я ул. 5 к.1, 5 к.2, 5 к.3
956559750;Войковский;Детская площадка;Головинское шоссе 10Б
956559752;Войковский;Спортивная площадка;Головинское шоссе 10Б
956559754;Войковский;Спортивная площадка;Головинское шоссе 10Б
956559756;Войковский;Спортивная площадка;Головинское шоссе 10Б
956559758;Войковский;Детская площадка;Головинское шоссе 10Б
956559760;Войковский;Детская площадка;Головинское шоссе 10Б
956559762;Войковский;Детская площадка;Головинское шоссе 10Б
956559764;Войковский;Детская площадка;Головинское шоссе 10Б
956559766;Войковский;Детская площадка;Головинское шоссе 10Б
956559774;Войковский;Детская площадка;Головинское шоссе 10Б
956559782;Войковский;Спортивная площадка;Головинское шоссе 10Б
1192127725;Войковский;Детская площадка;Нарвская ул. 5
1192127727;Войковский;Спортивная площадка;Нарвская ул. 5
890759572;Войковский;Детская площадка;Войковский 1-й пр. 16А, 16 к.1, 16 к.2, 16 к.3
890759574;Войковский;Детская площадка;Войковский 1-й пр. 16А, 16 к.1, 16 к.2, 16 к.3
890759576;Войковский;Детская площадка;Войковский 1-й пр. 16А, 16 к.1, 16 к.2, 16 к.3
1192292893;Войковский;Детская площадка;Новоподмосковный 1-й пер. 4
1192292906;Войковский;Детская площадка;Новоподмосковный 1-й пер. 4
1192292914;Войковский;Детская площадка;Новоподмосковный 1-й пер. 4
1193064409;Войковский;Детская площадка;Клары Цеткин ул. 17
1144242786;Войковский;Детская площадка;Зои и Александра Космодемьянских ул. 6
1144242798;Войковский;Спортивная площадка;Зои и Александра Космодемьянских ул. 6
928422552;Войковский;Детская площадка;Зои и Александра Космодемьянских ул. 4 к.1, 4 к.2, 4 к.3
1136907094;Войковский;Детская площадка;Войковский 2-й пр. 2/11
1139916540;Войковский;Детская площадка;Вокзальный пер. 10, 8 к.1, 8 к.2
1139916542;Войковский;Детская площадка;Вокзальный пер. 10, 8 к.1, 8 к.2
988254208;Войковский;Детская площадка;Новоподмосковный 3-й пер. 6, 8
1142605470;Войковский;Детская площадка;Ленинградское шоссе 26 к.1, 28 к.1
1084742081;Войковский;Детская площадка;Макарова Адмирала ул. 5
1192855253;Войковский;Детская площадка;Зои и Александра Космодемьянских ул. 7 к.1, 7 к.2, 7 к.3, 7 к.4
1167732980;Войковский;Детская площадка;Новоподмосковный 3-й пер. 4 к.4
1147981294;Войковский;Детская площадка;Нарвская ул. 4
890749171;Войковский;Детская площадка;"Волкова Космонавта ул. 21 к.2; Клары Цеткин ул. 3"
909497856;Войковский;Детская площадка;Ленинградское шоссе 52
986842015;Войковский;Детская площадка;Ленинградское шоссе 50
986842023;Войковский;Спортивная площадка;Ленинградское шоссе 50
1190879397;Войковский;Спортивная площадка;Нарвская ул. 11 к.4, 11 к.5
1190879403;Войковский;Спортивная площадка;Нарвская ул. 11 к.4, 11 к.5
1136843837;Войковский;Детская площадка;Новоподмосковный 2-й пер. 5
1137874440;Войковский;Детская площадка;Волкова Космонавта ул. 9/2
1191665427;Войковский;Детская площадка;Клары Цеткин ул. 29, 29 к.1, 31
1191665429;Войковский;Детская площадка;Клары Цеткин ул. 29, 29 к.1, 31
1191665433;Войковский;Спортивная площадка;Клары Цеткин ул. 29, 29 к.1, 31
1191665449;Войковский;Детская площадка;Клары Цеткин ул. 29, 29 к.1, 31
1176615692;Войковский;Детская площадка;Новоподмосковный 6-й пер. 10, 8
1176615698;Войковский;Детская площадка;Новоподмосковный 6-й пер. 10, 8
1136681068;Войковский;Детская площадка;Макарова Адмирала ул. 19 к.1, 19 к.2, 21
1136681070;Войковский;Детская площадка;Макарова Адмирала ул. 19 к.1, 19 к.2, 21
1136681078;Войковский;Спортивная площадка;Макарова Адмирала ул. 19 к.1, 19 к.2, 21
1179268011;Войковский;Детская площадка;Ленинградское шоссе 29, 31
1179268013;Войковский;Детская площадка;Ленинградское шоссе 29, 31
1143581715;Войковский;Спортивная площадка;"Вокзальный пер. 3; Новоподмосковный 2-й пер. 4"
1188203643;Войковский;Детская площадка;"Головинское шоссе 4, 6; Макарова Адмирала ул. 12"
1188203647;Войковский;Спортивная площадка;"Головинское шоссе 4, 6; Макарова Адмирала ул. 12"
1196032475;Войковский;Спортивная площадка;Нарвская ул. 1А к.1, 1А к.2, 1А к.3, 1А к.4
1196032477;Войковский;Детская площадка;Нарвская ул. 1А к.1, 1А к.2, 1А к.3, 1А к.4
1196032489;Войковский;Детская площадка;Нарвская ул. 1А к.1, 1А к.2, 1А к.3, 1А к.4
1196032491;Войковский;Спортивная площадка;Нарвская ул. 1А к.1, 1А к.2, 1А к.3, 1А к.4
1196032507;Войковский;Спортивная площадка;Нарвская ул. 1А к.1, 1А к.2, 1А к.3, 1А к.4
1196032515;Войковский;Детская площадка;Нарвская ул. 1А к.1, 1А к.2, 1А к.3, 1А к.4
1196032517;Войковский;Детская площадка;Нарвская ул. 1А к.1, 1А к.2, 1А к.3, 1А к.4
1196032527;Войковский;Детская площадка;Нарвская ул. 1А к.1, 1А к.2, 1А к.3, 1А к.4
1196032537;Войковский;Детская площадка;Нарвская ул. 1А к.1, 1А к.2, 1А к.3, 1А к.4
1196032543;Войковский;Детская площадка;Нарвская ул. 1А к.1, 1А к.2, 1А к.3, 1А к.4
1196032545;Войковский;Детская площадка;Нарвская ул. 1А к.1, 1А к.2, 1А к.3, 1А к.4
1196032549;Войковский;Детская площадка;Нарвская ул. 1А к.1, 1А к.2, 1А к.3, 1А к.4
1196032563;Войковский;Детская площадка;Нарвская ул. 1А к.1, 1А к.2, 1А к.3, 1А к.4
1260920704;Войковский;Детская площадка;Ленинградское шоссе 13 к.1, 13 к.2
1260920728;Войковский;Детская площадка;Ленинградское шоссе 13 к.1, 13 к.2
1262784146;Войковский;Детская площадка;Ленинградское шоссе 38 к.2
1262784154;Войковский;Спортивная площадка;Ленинградское шоссе 38 к.2
1262784156;Войковский;Детская площадка;Ленинградское шоссе 38 к.2
1265792293;Войковский;Детская площадка;Новоподмосковный 6-й пер. 1, 3, 5
1265792295;Войковский;Детская площадка;Новоподмосковный 6-й пер. 1, 3, 5
1265792303;Войковский;Детская площадка;Новоподмосковный 6-й пер. 1, 3, 5
1265792307;Войковский;Спортивная площадка;Новоподмосковный 6-й пер. 1, 3, 5
1265792313;Войковский;Детская площадка;Новоподмосковный 6-й пер. 1, 3, 5
1047759095;Войковский;Детская площадка;Вокзальный пер. 9
1136779714;Войковский;Детская площадка;Новоподмосковный 2-й пер. 3
908875167;Войковский;Детская площадка;Ленинградское шоссе 56
908875173;Войковский;Детская площадка;Ленинградское шоссе 56
908281862;Войковский;Детская площадка;Зои и Александра Космодемьянских ул. 20, 22 к.1, 22 к.2
1031562032;Войковский;Детская площадка;Ленинградское шоссе 32, 34 к.2
1031562034;Войковский;Детская площадка;Ленинградское шоссе 32, 34 к.2
1029098847;Войковский;Спортивная площадка;Волкова Космонавта ул. 5 к.1
1029098845;Войковский;Детская площадка;Волкова Космонавта ул. 5 к.1
956559778;Войковский;Спортивная площадка;Головинское шоссе 10Б
1191375584;Войковский;Детская площадка;Макарова Адмирала ул. 31, 33
1191375582;Войковский;Детская площадка;Макарова Адмирала ул. 31, 33
1190955102;Войковский;Детская площадка;Волкова Космонавта ул. 15 к.1, 15 к.2, 15 к.3
1190955108;Войковский;Детская площадка;Волкова Космонавта ул. 15 к.1, 15 к.2, 15 к.3
1190955116;Войковский;Детская площадка;Волкова Космонавта ул. 15 к.1, 15 к.2, 15 к.3
1190955121;Войковский;Спортивная площадка;Волкова Космонавта ул. 15 к.1, 15 к.2, 15 к.3
939893592;Войковский;Спортивная площадка;Волкова Космонавта ул. 5 к.2
920117604;Войковский;Спортивная площадка;Войковский 4-й пр. 10
1197664857;Войковский;Спортивная площадка;Клары Цеткин ул. 5, 7
1140539305;Войковский;Спортивная площадка;Ленинградское шоссе 8 к.1, 8 к.2, 8 к.3
1260920696;Войковский;Спортивная площадка;Ленинградское шоссе 13 к.1, 13 к.2
923385195;Войковский;Спортивная площадка;Ленинградское шоссе 34 к.1, 36 к.1, 38 к.1
1190879395;Войковский;Спортивная площадка;Нарвская ул. 11 к.4, 11 к.5
1143581711;Войковский;Спортивная площадка;"Вокзальный пер. 3; Новоподмосковный 2-й пер. 4"
920117606;Войковский;Детская площадка;Войковский 4-й пр. 10
1197664859;Войковский;Детская площадка;Клары Цеткин ул. 5, 7
1140539313;Войковский;Детская площадка;Ленинградское шоссе 8 к.1, 8 к.2, 8 к.3
1140539307;Войковский;Детская площадка;Ленинградское шоссе 8 к.1, 8 к.2, 8 к.3
1190879391;Войковский;Детская площадка;Нарвская ул. 11 к.4, 11 к.5
1143581713;Войковский;Детская площадка;"Вокзальный пер. 3; Новоподмосковный 2-й пер. 4"
923385201;Войковский;Детская площадка;Ленинградское шоссе 34 к.1, 36 к.1, 38 к.1
923385193;Войковский;Детская площадка;Ленинградское шоссе 34 к.1, 36 к.1, 38 к.1
923385197;Войковский;Детская площадка;Ленинградское шоссе 34 к.1, 36 к.1, 38 к.1
905464894;Войковский;Спортивная площадка;Ленинградское шоссе 9 к.1
905464890;Войковский;Детская площадка;Ленинградское шоссе 9 к.1
915949356;Войковский;Спортивная площадка;Радиаторская 1-я ул. 7
949551319;Войковский;Детская площадка;Макарова Адмирала ул. 43, 45
949551321;Войковский;Детская площадка;Макарова Адмирала ул. 43, 45
890816991;Войковский;Детская площадка;Радиаторская 2-я ул. 2
1176828875;Войковский;Спортивная площадка;Ленинградское шоссе 20 к.1
982839697;Войковский;Детская площадка;Ленинградское шоссе 25 к.1, 25 к.2, 25 к.3
1193311980;Войковский;Детская площадка;Ленинградское шоссе дом 48, корпус 1, дом 48, корпус 2, дом 48, корпус 3
934643011;Войковский;Спортивная площадка;Ленинградское шоссе 15
916000582;Войковский;Спортивная площадка;Радиаторская 2-я ул. 8
934002298;Войковский;Детская площадка;Новоподмосковный 1-й пер. 2/1
964093480;Войковский;Детская площадка;Нарвская ул. 15 к.1, 15 к.2
934075666;Войковский;Детская площадка;Войковский 5-й пр. 8, 8 к.1
897509030;Войковский;Детская площадка;Вокзальный пер. 3 к.1
897509036;Войковский;Детская площадка;Вокзальный пер. 3 к.1
908974631;Войковский;Детская площадка;Макарова Адмирала ул. 39, 41 к.2
1176557279;Войковский;Детская площадка;Клары Цеткин ул. 13
934191332;Войковский;Детская площадка;Старопетровский пр. 12 к.3
915974130;Войковский;Детская площадка;Радиаторская 2-я ул. 6
939921496;Войковский;Детская площадка;"Новоподмосковный 6-й пер. 7; Старопетровский пр. 12 к.6"
920132296;Войковский;Детская площадка;Новоподмосковный 4-й пер. 4
1143569787;Войковский;Детская площадка;"Войковский 2-й пр. 7 к.1, 7 к.2; Радиаторская 3-я ул. 2, 4"
1143569791;Войковский;Спортивная площадка;"Войковский 2-й пр. 7 к.1, 7 к.2; Радиаторская 3-я ул. 2, 4"
1143569793;Войковский;Спортивная площадка;"Войковский 2-й пр. 7 к.1, 7 к.2; Радиаторская 3-я ул. 2, 4"
1157318337;Войковский;Детская площадка;Нарвская ул. 13
1129205631;Войковский;Детская площадка;"Волкова Космонавта ул. 19, 21 к.1; Клары Цеткин ул. 5 к.1"
1141476006;Войковский;Детская площадка;Зои и Александра Космодемьянских ул. 11А
1142556996;Войковский;Детская площадка;Нарвская ул. 7, 9
1142557012;Войковский;Детская площадка;Нарвская ул. 7, 9
1142557022;Войковский;Детская площадка;Нарвская ул. 7, 9
1157906682;Войковский;Детская площадка;Ленинградское шоссе 41 к.1, 41 к.2
1176531575;Войковский;Детская площадка;Макарова Адмирала ул. 37 к.1, 37 к.2
1266674088;Войковский;Детская площадка;Головинское шоссе 8А, 8 к.1, 8 к.3
1266674090;Войковский;Детская площадка;Головинское шоссе 8А, 8 к.1, 8 к.3
934643005;Войковский;Детская площадка;Ленинградское шоссе 15
924034283;Войковский;Детская площадка;Макарова Адмирала ул. 17 к.1, 17 к.2
916000578;Войковский;Детская площадка;Радиаторская 2-я ул. 8
910564767;Войковский;Детская площадка;Ленинградское шоссе 52Б
910564785;Войковский;Детская площадка;Ленинградское шоссе 52Б
1023243624;Войковский;Детская площадка;Макарова Адмирала ул. 9, 9А
1023243622;Войковский;Спортивная площадка;Макарова Адмирала ул. 9, 9А
1136894829;Восточное Дегунино;Детская площадка;Дубнинская ул. 26 к.1
1136894831;Восточное Дегунино;Спортивная площадка;Дубнинская ул. 26 к.1
988300151;Восточное Дегунино;Детская площадка;Керамический пр. 47 к.1
988300155;Восточное Дегунино;Детская площадка;Керамический пр. 47 к.1
1150273318;Восточное Дегунино;Спортивная площадка;Дубнинская ул. 73 к.2
1174267314;Восточное Дегунино;Спортивная площадка;Дубнинская ул. 73 к.1, 73 к.6
1062356303;Восточное Дегунино;Спортивная площадка;Восьмисотлетия Москвы ул. 11 к.6
1050589904;Восточное Дегунино;Спортивная площадка;Дубнинская ул. 15 к.2, 17 к.2
1050589906;Восточное Дегунино;Детская площадка;Дубнинская ул. 15 к.2, 17 к.2
1050589920;Восточное Дегунино;Спортивная площадка;Дубнинская ул. 15 к.2, 17 к.2
1068930214;Восточное Дегунино;Детская площадка;Дубнинская ул. 20 к.1
1135624199;Восточное Дегунино;Детская площадка;Восьмисотлетия Москвы ул. 11 к.7
973633035;Восточное Дегунино;Детская площадка;Керамический пр. 71 к.1
1050613854;Восточное Дегунино;Детская площадка;Бескудниковский бульв. 8 к.3, 8 к.4
1050613856;Восточное Дегунино;Детская площадка;Бескудниковский бульв. 8 к.3, 8 к.4
997635274;Восточное Дегунино;Детская площадка;Дубнинская ул. 6 к.1
997635278;Восточное Дегунино;Детская площадка;Дубнинская ул. 6 к.1
1032545812;Восточное Дегунино;Спортивная площадка;Дубнинская ул. 2 к.6, 2 к.7, 4 к.1
1032545818;Восточное Дегунино;Детская площадка;Дубнинская ул. 2 к.6, 2 к.7, 4 к.1
982181637;Восточное Дегунино;Детская площадка;Керамический пр. 47 к.2, 49 к.2, 49 к.3
982181643;Восточное Дегунино;Детская площадка;Керамический пр. 47 к.2, 49 к.2, 49 к.3
982181651;Восточное Дегунино;Спортивная площадка;Керамический пр. 47 к.2, 49 к.2, 49 к.3
1174294149;Восточное Дегунино;Детская площадка;Восьмисотлетия Москвы ул. 3 к.2
1174294159;Восточное Дегунино;Детская площадка;Восьмисотлетия Москвы ул. 3 к.2
1154451011;Восточное Дегунино;Детская площадка;Дубнинская ул. 12 к.3
1154451017;Восточное Дегунино;Спортивная площадка;Дубнинская ул. 12 к.3
1151960825;Восточное Дегунино;Спортивная площадка;Дубнинская ул. 4 к.2, 4 к.3, 4 к.4
970987167;Восточное Дегунино;Детская площадка;Дубнинская ул. 22 к.4, 22 к.5, 22 к.6, 24 к.3, 24 к.5
970987173;Восточное Дегунино;Спортивная площадка;Дубнинская ул. 22 к.4, 22 к.5, 22 к.6, 24 к.3, 24 к.5
970987177;Восточное Дегунино;Детская площадка;Дубнинская ул. 22 к.4, 22 к.5, 22 к.6, 24 к.3, 24 к.5
970987193;Восточное Дегунино;Детская площадка;Дубнинская ул. 22 к.4, 22 к.5, 22 к.6, 24 к.3, 24 к.5
970987195;Восточное Дегунино;Детская площадка;Дубнинская ул. 22 к.4, 22 к.5, 22 к.6, 24 к.3, 24 к.5
970987197;Восточное Дегунино;Спортивная площадка;Дубнинская ул. 22 к.4, 22 к.5, 22 к.6, 24 к.3, 24 к.5
970987199;Восточное Дегунино;Спортивная площадка;Дубнинская ул. 22 к.4, 22 к.5, 22 к.6, 24 к.3, 24 к.5
970987215;Восточное Дегунино;Детская площадка;Дубнинская ул. 22 к.4, 22 к.5, 22 к.6, 24 к.3, 24 к.5
970987229;Восточное Дегунино;Детская площадка;Дубнинская ул. 22 к.4, 22 к.5, 22 к.6, 24 к.3, 24 к.5
970987233;Восточное Дегунино;Детская площадка;Дубнинская ул. 22 к.4, 22 к.5, 22 к.6, 24 к.3, 24 к.5
1193946187;Восточное Дегунино;Детская площадка;Дубнинская ул. 48 к.2, 50
1193946189;Восточное Дегунино;Спортивная площадка;Дубнинская ул. 48 к.2, 50
1193946197;Восточное Дегунино;Спортивная площадка;Дубнинская ул. 48 к.2, 50
981391891;Восточное Дегунино;Спортивная площадка;Дубнинская ул. 73 к.3
1190805893;Восточное Дегунино;Детская площадка;Керамический пр. 61 к.1, 61 к.2
1190805899;Восточное Дегунино;Спортивная площадка;Керамический пр. 61 к.1, 61 к.2
1068199081;Восточное Дегунино;Детская площадка;Дубнинская ул. 16 к.3, 16 к.4, 16 к.5
1190552175;Восточное Дегунино;Спортивная площадка;Восьмисотлетия Москвы ул. 5 к.3
1190552186;Восточное Дегунино;Детская площадка;Восьмисотлетия Москвы ул. 5 к.3
1190552212;Восточное Дегунино;Спортивная площадка;Восьмисотлетия Москвы ул. 5 к.3
1057611058;Восточное Дегунино;Детская площадка;Дубнинская ул. 13
1057611076;Восточное Дегунино;Детская площадка;Дубнинская ул. 13
1190701992;Восточное Дегунино;Детская площадка;Дубнинская ул. 24 к.1, 24 к.2, 24 к.4
1190701996;Восточное Дегунино;Детская площадка;Дубнинская ул. 24 к.1, 24 к.2, 24 к.4
981369742;Восточное Дегунино;Детская площадка;Керамический пр. 45 к.1
981369754;Восточное Дегунино;Спортивная площадка;Керамический пр. 45 к.1
981369756;Восточное Дегунино;Спортивная площадка;Керамический пр. 45 к.1
1086204204;Восточное Дегунино;Детская площадка;"Дубнинская ул. 38 к.1; Керамический пр. 69 к.1"
1138721773;Восточное Дегунино;Детская площадка;Дубнинская ул. 46 к.1, 48 к.1
1138721775;Восточное Дегунино;Детская площадка;Дубнинская ул. 46 к.1, 48 к.1
1144287795;Восточное Дегунино;Спортивная площадка;Дубнинская ул. 20 к.3, 20 к.4
1144287797;Восточное Дегунино;Детская площадка;Дубнинская ул. 20 к.3, 20 к.4
1144287805;Восточное Дегунино;Детская площадка;Дубнинская ул. 20 к.3, 20 к.4
1144287825;Восточное Дегунино;Детская площадка;Дубнинская ул. 20 к.3, 20 к.4
1137962726;Восточное Дегунино;Детская площадка;Дубнинская ул. 14 к.1
1148972809;Восточное Дегунино;Детская площадка;Восьмисотлетия Москвы ул. 11 к.4, 11 к.5
1185419723;Восточное Дегунино;Детская площадка;"Восьмисотлетия Москвы ул. 5 к.1; Дубнинская ул. 73 к.4"
1185419729;Восточное Дегунино;Детская площадка;"Восьмисотлетия Москвы ул. 5 к.1; Дубнинская ул. 73 к.4"
1190850072;Восточное Дегунино;Спортивная площадка;Дубнинская ул. 16 к.2
1144158021;Восточное Дегунино;Спортивная площадка;Дубнинская улица дом 12, корпус 1
1190989937;Восточное Дегунино;Спортивная площадка;Керамический пр. 51 к.1, 51 к.2, 53 к.1, 53 к.3
1190989939;Восточное Дегунино;Детская площадка;Керамический пр. 51 к.1, 51 к.2, 53 к.1, 53 к.3
1190989955;Восточное Дегунино;Детская площадка;Керамический пр. 51 к.1, 51 к.2, 53 к.1, 53 к.3
1190990001;Восточное Дегунино;Детская площадка;Керамический пр. 51 к.1, 51 к.2, 53 к.1, 53 к.3
1184259208;Восточное Дегунино;Спортивная площадка;Дубнинская ул. 16 к.1
1184259210;Восточное Дегунино;Детская площадка;Дубнинская ул. 16 к.1
1184259212;Восточное Дегунино;Детская площадка;Дубнинская ул. 16 к.1
1184259234;Восточное Дегунино;Детская площадка;Дубнинская ул. 16 к.1
1058708945;Восточное Дегунино;Детская площадка;Дубнинская ул. 34
1176175396;Восточное Дегунино;Детская площадка;"Восьмисотлетия Москвы ул. 30; Керамический пр. 57 к.1, 57 к.3"
1176175418;Восточное Дегунино;Детская площадка;"Восьмисотлетия Москвы ул. 30; Керамический пр. 57 к.1, 57 к.3"
1176175422;Восточное Дегунино;Детская площадка;"Восьмисотлетия Москвы ул. 30; Керамический пр. 57 к.1, 57 к.3"
1176178159;Восточное Дегунино;Спортивная площадка;"Восьмисотлетия Москвы ул. 30; Керамический пр. 57 к.1, 57 к.3"
1192661205;Восточное Дегунино;Детская площадка;Дубнинская ул. 15 к.1, 17 к.1
1192661207;Восточное Дегунино;Детская площадка;Дубнинская ул. 15 к.1, 17 к.1
1174297907;Восточное Дегунино;Детская площадка;Дубнинская ул. 12 к.2
1174297911;Восточное Дегунино;Детская площадка;Дубнинская ул. 12 к.2
1174297913;Восточное Дегунино;Спортивная площадка;Дубнинская ул. 12 к.2
1026738851;Восточное Дегунино;Детская площадка;Дубнинская ул. 26 к.2, 26 к.3, 26 к.4, 26 к.5
1068199097;Восточное Дегунино;Спортивная площадка;Дубнинская ул. 16 к.3, 16 к.4, 16 к.5
1151960831;Восточное Дегунино;Детская площадка;Дубнинская ул. 4 к.2, 4 к.3, 4 к.4
1282382569;Восточное Дегунино;Детская площадка;Дубнинская ул. 2 к.1, 2 к.2, 2 к.3, 2 к.4, 2 к.5
1282382605;Восточное Дегунино;Спортивная площадка;Дубнинская ул. 2 к.1, 2 к.2, 2 к.3, 2 к.4, 2 к.5
1278529362;Восточное Дегунино;Детская площадка;Восьмисотлетия Москвы ул. 1 к.1, 1 к.4
1278529384;Восточное Дегунино;Спортивная площадка;Восьмисотлетия Москвы ул. 1 к.1, 1 к.4
996748614;Восточное Дегунино;Детская площадка;Дубнинская ул. 46
1151960833;Восточное Дегунино;Детская площадка;Дубнинская ул. 4 к.2, 4 к.3, 4 к.4
1151960835;Восточное Дегунино;Детская площадка;Дубнинская ул. 4 к.2, 4 к.3, 4 к.4
1075220360;Восточное Дегунино;Детская площадка;Дубнинская ул. 14 к.2, 14 к.3, 14 к.4
1057700400;Восточное Дегунино;Детская площадка;Восьмисотлетия Москвы ул. 14
1057700402;Восточное Дегунино;Спортивная площадка;Восьмисотлетия Москвы ул. 14
1057700408;Восточное Дегунино;Спортивная площадка;Восьмисотлетия Москвы ул. 14
1050349502;Восточное Дегунино;Детская площадка;Восьмисотлетия Москвы ул. 16
1050349508;Восточное Дегунино;Спортивная площадка;Восьмисотлетия Москвы ул. 16
1196410557;Восточное Дегунино;Детская площадка;Дубнинская ул. 36 к.1, 36 к.3, 36 к.4
1298314956;Восточное Дегунино;Спортивная площадка;Дубнинская ул. 36 к.1, 36 к.3, 36 к.4
1138938680;Восточное Дегунино;Детская площадка;Дубнинская ул. 10 к.2, 10 к.3
1061184674;Восточное Дегунино;Детская площадка;Восьмисотлетия Москвы ул. 11 к.10, 11 к.8
1133752355;Восточное Дегунино;Детская площадка;Дубнинская ул. 32 к.7, 32 к.8, 32 к.9
1057702356;Восточное Дегунино;Детская площадка;Восьмисотлетия Москвы ул. 20
1057702364;Восточное Дегунино;Детская площадка;Восьмисотлетия Москвы ул. 20
1148019680;Восточное Дегунино;Детская площадка;Дубнинская ул. 32 к.5, 32 к.6
1148019674;Восточное Дегунино;Детская площадка;Дубнинская ул. 32 к.5, 32 к.6
1085692815;Восточное Дегунино;Спортивная площадка;Восьмисотлетия Москвы ул. 24, 26 к.1, 26 к.2
1085692821;Восточное Дегунино;Детская площадка;Восьмисотлетия Москвы ул. 24, 26 к.1, 26 к.2
1085692829;Восточное Дегунино;Детская площадка;Восьмисотлетия Москвы ул. 24, 26 к.1, 26 к.2
1085692847;Восточное Дегунино;Спортивная площадка;Восьмисотлетия Москвы ул. 24, 26 к.1, 26 к.2
1085692881;Восточное Дегунино;Спортивная площадка;Восьмисотлетия Москвы ул. 24, 26 к.1, 26 к.2
1194940796;Восточное Дегунино;Детская площадка;Дубнинская улица дом 40А, корпус 1, дом 40А, корпус 2, дом 40А, корпус 3, дом 40А, корпус 4, дом 42, дом 44, корпус 1, дом 44, корпус 2
1132370137;Восточное Дегунино;Спортивная площадка;Дубнинская ул. 32 к.1, 32 к.2, 32 к.3, 32 к.4
1132370161;Восточное Дегунино;Детская площадка;Дубнинская ул. 32 к.1, 32 к.2, 32 к.3, 32 к.4
1132370203;Восточное Дегунино;Детская площадка;Дубнинская ул. 32 к.1, 32 к.2, 32 к.3, 32 к.4
1132370167;Восточное Дегунино;Спортивная площадка;Дубнинская ул. 32 к.1, 32 к.2, 32 к.3, 32 к.4
1132370135;Восточное Дегунино;Детская площадка;Дубнинская ул. 32 к.1, 32 к.2, 32 к.3, 32 к.4
1132370189;Восточное Дегунино;Детская площадка;Дубнинская ул. 32 к.1, 32 к.2, 32 к.3, 32 к.4
1312311279;Восточное Дегунино;Спортивная площадка;Дубнинская ул. 32 к.1, 32 к.2, 32 к.3, 32 к.4
1068925367;Восточное Дегунино;Спортивная площадка;Дубнинская улица дом 30, корпус 1, дом 30, корпус 2
1068925373;Восточное Дегунино;Детская площадка;Дубнинская улица дом 30, корпус 1, дом 30, корпус 2
1068925341;Восточное Дегунино;Детская площадка;Дубнинская улица дом 30, корпус 1, дом 30, корпус 2
1185530489;Восточное Дегунино;Детская площадка;Восьмисотлетия Москвы ул. 7 к.1, 9
1185530497;Восточное Дегунино;Спортивная площадка;Восьмисотлетия Москвы ул. 7 к.1, 9
1196393193;Восточное Дегунино;Детская площадка;Дубнинская ул. 10 к.4, 10 к.5, 6 к.2, 6 к.3, 8 к.1
1196390157;Восточное Дегунино;Детская площадка;Дубнинская ул. 10 к.4, 10 к.5, 6 к.2, 6 к.3, 8 к.1
1196393071;Восточное Дегунино;Детская площадка;Дубнинская ул. 10 к.4, 10 к.5, 6 к.2, 6 к.3, 8 к.1
1196392957;Восточное Дегунино;Детская площадка;Дубнинская ул. 10 к.4, 10 к.5, 6 к.2, 6 к.3, 8 к.1
1196392955;Восточное Дегунино;Детская площадка;Дубнинская ул. 10 к.4, 10 к.5, 6 к.2, 6 к.3, 8 к.1
973019023;Восточное Дегунино;Детская площадка;Керамический пр. 77 к.1, 77 к.2
1144139637;Восточное Дегунино;Спортивная площадка;Дубнинская улица дом 16, корпус 6, дом 18, корпус 1
1144139669;Восточное Дегунино;Спортивная площадка;Дубнинская улица дом 16, корпус 6, дом 18, корпус 1
1144139639;Восточное Дегунино;Детская площадка;Дубнинская улица дом 16, корпус 6, дом 18, корпус 1
1144139651;Восточное Дегунино;Детская площадка;Дубнинская улица дом 16, корпус 6, дом 18, корпус 1
1144139641;Восточное Дегунино;Детская площадка;Дубнинская улица дом 16, корпус 6, дом 18, корпус 1
1144139655;Восточное Дегунино;Спортивная площадка;Дубнинская улица дом 16, корпус 6, дом 18, корпус 1
1108332821;Восточное Дегунино;Детская площадка;Восьмисотлетия Москвы ул. 22 к.1, 22 к.2
1062356301;Восточное Дегунино;Детская площадка;Восьмисотлетия Москвы ул. 11 к.6
982188006;Восточное Дегунино;Детская площадка;Керамический пр. 49 к.1
1194265204;Восточное Дегунино;Детская площадка;Дубнинская ул. 30Б
1194265210;Восточное Дегунино;Детская площадка;Дубнинская ул. 30Б
1194265236;Восточное Дегунино;Детская площадка;Дубнинская ул. 30Б
1194783564;Восточное Дегунино;Спортивная площадка;Дубнинская ул. 20 к.2
981391885;Восточное Дегунино;Детская площадка;Дубнинская ул. 73 к.3
981391889;Восточное Дегунино;Детская площадка;Дубнинская ул. 73 к.3
1174267304;Восточное Дегунино;Детская площадка;Дубнинская ул. 73 к.1, 73 к.6
1190498693;Восточное Дегунино;Детская площадка;Дубнинская ул. 22 к.1, 22 к.2, 22 к.3
1190498697;Восточное Дегунино;Детская площадка;Дубнинская ул. 22 к.1, 22 к.2, 22 к.3
1144158023;Восточное Дегунино;Детская площадка;Дубнинская улица дом 12, корпус 1
1325726352;Восточное Дегунино;Детская площадка;Дубнинская улица дом 10, корпус 1
1325726354;Восточное Дегунино;Детская площадка;Дубнинская улица дом 10, корпус 1
1050620960;Восточное Дегунино;Детская площадка;Бескудниковский бульвар дом 8, корпус 1
1190275349;Восточное Дегунино;Детская площадка;Керамический пр. 63 к.1, 63 к.2
1190275351;Восточное Дегунино;Детская площадка;Керамический пр. 63 к.1, 63 к.2
1190275355;Восточное Дегунино;Детская площадка;Керамический пр. 63 к.1, 63 к.2
1137654023;Восточное Дегунино;Детская площадка;Восьмисотлетия Москвы ул. 3 к.1
1136652677;Восточное Дегунино;Спортивная площадка;Восьмисотлетия Москвы ул. 32
1057575154;Восточное Дегунино;Детская площадка;Бескудниковский бульв. 8 к.2
1136099460;Восточное Дегунино;Детская площадка;Дубнинская ул. 12 к.4
1117456548;Восточное Дегунино;Детская площадка;Керамический пр. 55 к.1
1325745903;Восточное Дегунино;Детская площадка;Дубнинская улица дом 28, корпус 1
929561368;Головинский;Детская площадка;Ленинградское шоссе 86, 88
929561372;Головинский;Детская площадка;Ленинградское шоссе 86, 88
1190267077;Головинский;Спортивная площадка;Лихачевский 3-й пер. 3 к.1, 3 к.2, 3 к.3, 3 к.4
1190267085;Головинский;Детская площадка;Лихачевский 3-й пер. 3 к.1, 3 к.2, 3 к.3, 3 к.4
1180176409;Головинский;Детская площадка;Кронштадтский бульв. 57
931093397;Головинский;Спортивная площадка;Флотская ул. 20, 22
1073780116;Головинский;Спортивная площадка;"Авангардная ул. 13, 15, 17, 19/30; Флотская ул. 28 к.1, 28 к.2"
1073780126;Головинский;Спортивная площадка;"Авангардная ул. 13, 15, 17, 19/30; Флотская ул. 28 к.1, 28 к.2"
982902000;Головинский;Детская площадка;Лавочкина ул. 14, 16 к.1, 16 к.2, 18
1086314504;Головинский;Детская площадка;Флотская ул. 82/6, 82/6 стр.1
985007624;Головинский;Спортивная площадка;Лихачевский 3-й пер. 2 к.3
932058719;Головинский;Спортивная площадка;Онежская ул. 2 к.1, 2 к.3
932058723;Головинский;Детская площадка;Онежская ул. 2 к.1, 2 к.3
932058725;Головинский;Детская площадка;Онежская ул. 2 к.1, 2 к.3
1182031354;Головинский;Спортивная площадка;Фестивальная ул. 46 к.2, 46 к.3, 48, 48 к.2
1182031364;Головинский;Детская площадка;Фестивальная ул. 46 к.2, 46 к.3, 48, 48 к.2
1182031366;Головинский;Детская площадка;Фестивальная ул. 46 к.2, 46 к.3, 48, 48 к.2
1182031368;Головинский;Детская площадка;Фестивальная ул. 46 к.2, 46 к.3, 48, 48 к.2
1182031386;Головинский;Спортивная площадка;Фестивальная ул. 46 к.2, 46 к.3, 48, 48 к.2
1182031398;Головинский;Спортивная площадка;Фестивальная ул. 46 к.2, 46 к.3, 48, 48 к.2
1184634957;Головинский;Детская площадка;Онежская ул. 12, 12 к.1, 12 к.2
1184634968;Головинский;Спортивная площадка;Онежская ул. 12, 12 к.1, 12 к.2
1184634980;Головинский;Спортивная площадка;Онежская ул. 12, 12 к.1, 12 к.2
1184634984;Головинский;Спортивная площадка;Онежская ул. 12, 12 к.1, 12 к.2
926498055;Головинский;Детская площадка;Кронштадтский бульв. 26, 30 к.2
926498057;Головинский;Детская площадка;Кронштадтский бульв. 26, 30 к.2
926498067;Головинский;Спортивная площадка;Кронштадтский бульв. 26, 30 к.2
1140090756;Головинский;Детская площадка;"Кронштадтский бульв. 17 к.3, 23 к.1, 23 к.2; Смольная ул. 9"
1140090759;Головинский;Детская площадка;"Кронштадтский бульв. 17 к.3, 23 к.1, 23 к.2; Смольная ул. 9"
1140090768;Головинский;Спортивная площадка;"Кронштадтский бульв. 17 к.3, 23 к.1, 23 к.2; Смольная ул. 9"
1140090775;Головинский;Спортивная площадка;"Кронштадтский бульв. 17 к.3, 23 к.1, 23 к.2; Смольная ул. 9"
1140090778;Головинский;Детская площадка;"Кронштадтский бульв. 17 к.3, 23 к.1, 23 к.2; Смольная ул. 9"
1086806399;Головинский;Спортивная площадка;"Конаковский пр. 12 к.1, 12 к.2; Флотская ул. 14"
1086806401;Головинский;Детская площадка;"Конаковский пр. 12 к.1, 12 к.2; Флотская ул. 14"
1086806405;Головинский;Детская площадка;"Конаковский пр. 12 к.1, 12 к.2; Флотская ул. 14"
1086806409;Головинский;Детская площадка;"Конаковский пр. 12 к.1, 12 к.2; Флотская ул. 14"
1086806421;Головинский;Детская площадка;"Конаковский пр. 12 к.1, 12 к.2; Флотская ул. 14"
1180232209;Головинский;Спортивная площадка;Зеленоградская ул. 3
1180232215;Головинский;Спортивная площадка;Зеленоградская ул. 3
1180232219;Головинский;Спортивная площадка;Зеленоградская ул. 3
1182106037;Головинский;Детская площадка;Флотская ул. 27
904309984;Головинский;Спортивная площадка;"Лихачевский 2-й пер. 2, 2А; Онежская ул. 2, 6"
904309987;Головинский;Детская площадка;"Лихачевский 2-й пер. 2, 2А; Онежская ул. 2, 6"
1184273305;Головинский;Детская площадка;Кронштадтский бульв. 28, 30, 30 к.1, 30 к.4
936778687;Головинский;Детская площадка;Конаковский пр. 8 к.1, 8 к.2
936778689;Головинский;Спортивная площадка;Конаковский пр. 8 к.1, 8 к.2
936778693;Головинский;Спортивная площадка;Конаковский пр. 8 к.1, 8 к.2
926484957;Головинский;Детская площадка;Кронштадтский бульв. 24 к.1, 24 к.2, 24 к.3, 30 к.3
926484959;Головинский;Детская площадка;Кронштадтский бульв. 24 к.1, 24 к.2, 24 к.3, 30 к.3
935047273;Головинский;Спортивная площадка;Онежская ул. 15, 15Б, 17
935047285;Головинский;Спортивная площадка;Онежская ул. 15, 15Б, 17
929512190;Головинский;Детская площадка;Смольная ул. 15, 19 к.1, 21 к.1
929512198;Головинский;Детская площадка;Смольная ул. 15, 19 к.1, 21 к.1
929548092;Головинский;Детская площадка;Флотская ул. 34 к.1, 36
1073488844;Головинский;Детская площадка;Флотская ул. 29 к.2
1073488846;Головинский;Детская площадка;Флотская ул. 29 к.2
1036869053;Головинский;Детская площадка;Онежская ул. 31 к.1, 35 к.6
1036869055;Головинский;Детская площадка;Онежская ул. 31 к.1, 35 к.6
1036869061;Головинский;Спортивная площадка;Онежская ул. 31 к.1, 35 к.6
1036869069;Головинский;Детская площадка;Онежская ул. 31 к.1, 35 к.6
1181885503;Головинский;Детская площадка;Авангардная ул. 10, 10А, 8 к.1, 8 к.2
1181885525;Головинский;Детская площадка;Авангардная ул. 10, 10А, 8 к.1, 8 к.2
1181885527;Головинский;Детская площадка;Авангардная ул. 10, 10А, 8 к.1, 8 к.2
1181188014;Головинский;Детская площадка;Солнечногорский пр. 11
1181497864;Головинский;Детская площадка;Флотская ул. 94, 96, 98
1181497866;Головинский;Детская площадка;Флотская ул. 94, 96, 98
1181497886;Головинский;Детская площадка;Флотская ул. 94, 96, 98
1181497888;Головинский;Детская площадка;Флотская ул. 94, 96, 98
1184445975;Головинский;Детская площадка;Онежская ул. 35 к.1, 37, 39
932136915;Головинский;Детская площадка;Пулковская ул. 19 к.1, 21/7
932136921;Головинский;Спортивная площадка;Пулковская ул. 19 к.1, 21/7
1182045440;Головинский;Детская площадка;"Лихачевский 1-й пер. 4 к.1; Онежская ул. 1/2"
1085783063;Головинский;Детская площадка;Солнечногорская ул. 10, 12
1183286232;Головинский;Спортивная площадка;"Солнечногорская ул. 16/1; Солнечногорский пр. 3 к.1, 3 к.3, 5 к.1"
1086316707;Головинский;Детская площадка;Солнечногорская ул. 6 к.1, 6 к.2, 8
1086772958;Головинский;Детская площадка;Онежская ул. 36, 38 к.1, 38 к.2, 38 к.3
1086772960;Головинский;Детская площадка;Онежская ул. 36, 38 к.1, 38 к.2, 38 к.3
1182351448;Головинский;Детская площадка;Флотская ул. 35, 37
1183131827;Головинский;Спортивная площадка;"Лихоборская наб. 2 к.2; Онежская ул. 18 к.1, 20, 22"
1183131831;Головинский;Детская площадка;"Лихоборская наб. 2 к.2; Онежская ул. 18 к.1, 20, 22"
1183131843;Головинский;Спортивная площадка;"Лихоборская наб. 2 к.2; Онежская ул. 18 к.1, 20, 22"
975539563;Головинский;Детская площадка;Кронштадтский бульв. 15 к.2, 17 к.1, 17 к.2
975539565;Головинский;Спортивная площадка;Кронштадтский бульв. 15 к.2, 17 к.1, 17 к.2
975539567;Головинский;Детская площадка;Кронштадтский бульв. 15 к.2, 17 к.1, 17 к.2
975539573;Головинский;Спортивная площадка;Кронштадтский бульв. 15 к.2, 17 к.1, 17 к.2
1181981717;Головинский;Спортивная площадка;Флотская ул. 90, 92
1139028811;Головинский;Детская площадка;Авангардная ул. 14, 16, 18, 20
1139028833;Головинский;Спортивная площадка;Авангардная ул. 14, 16, 18, 20
1139028837;Головинский;Спортивная площадка;Авангардная ул. 14, 16, 18, 20
1186700600;Головинский;Спортивная площадка;Конаковский пр. 4 к.1, 4 к.2, 6 к.1, 6 к.2
1086594634;Головинский;Детская площадка;"Онежская ул. 40, 42/36; Фестивальная ул. 38, 40"
1086594638;Головинский;Детская площадка;"Онежская ул. 40, 42/36; Фестивальная ул. 38, 40"
1086594644;Головинский;Спортивная площадка;"Онежская ул. 40, 42/36; Фестивальная ул. 38, 40"
1086594650;Головинский;Детская площадка;"Онежская ул. 40, 42/36; Фестивальная ул. 38, 40"
1142321789;Головинский;Детская площадка;"Авангардная ул. 14А, 14Б; Смольная ул. 19 к.4; Флотская ул. 34 к.3"
1142321791;Головинский;Спортивная площадка;"Авангардная ул. 14А, 14Б; Смольная ул. 19 к.4; Флотская ул. 34 к.3"
1071948112;Головинский;Детская площадка;Онежская ул. 9/4, 9/4 к.А, 9/4 к.Б
1071948116;Головинский;Спортивная площадка;Онежская ул. 9/4, 9/4 к.А, 9/4 к.Б
1071948120;Головинский;Спортивная площадка;Онежская ул. 9/4, 9/4 к.А, 9/4 к.Б
1139552483;Головинский;Детская площадка;Лихоборская наб. 4 к.1, 4 к.2
1139552485;Головинский;Детская площадка;Лихоборская наб. 4 к.1, 4 к.2
1139552491;Головинский;Спортивная площадка;Лихоборская наб. 4 к.1, 4 к.2
1086494128;Головинский;Детская площадка;"Сенежская ул. 4; Солнечногорская ул. 11, 13"
1086494142;Головинский;Спортивная площадка;"Сенежская ул. 4; Солнечногорская ул. 11, 13"
930105169;Головинский;Спортивная площадка;Лавочкина ул. 20, 22, 24, 26, 28/42
1139530760;Головинский;Детская площадка;Флотская ул. 48 к.1, 48 к.2
1139530764;Головинский;Детская площадка;Флотская ул. 48 к.1, 48 к.2
931095303;Головинский;Детская площадка;Флотская ул. 24, 26
985001241;Головинский;Детская площадка;Кронштадтский бульв. 45 к.1, 45 к.2, 45 к.3
985001245;Головинский;Детская площадка;Кронштадтский бульв. 45 к.1, 45 к.2, 45 к.3
1143507611;Головинский;Детская площадка;Кронштадтский бульв. 37 к.4, 39 к.2, 43 к.1, 43 к.2, 43 к.3
1143507637;Головинский;Спортивная площадка;Кронштадтский бульв. 37 к.4, 39 к.2, 43 к.1, 43 к.2, 43 к.3
904691917;Головинский;Детская площадка;Кронштадтский бульв. 13/2 к.1, 13/2 к.2, 15 к.1
1138400469;Головинский;Спортивная площадка;Смольная ул. 17, 19 к.2, 19 к.3, 19 к.5
1138400473;Головинский;Детская площадка;Смольная ул. 17, 19 к.2, 19 к.3, 19 к.5
1138400481;Головинский;Спортивная площадка;Смольная ул. 17, 19 к.2, 19 к.3, 19 к.5
1138400503;Головинский;Детская площадка;Смольная ул. 17, 19 к.2, 19 к.3, 19 к.5
1085759495;Головинский;Детская площадка;"Конаковский пр. 15; Ленинградское шоссе 78, 80, 82"
1085759499;Головинский;Спортивная площадка;"Конаковский пр. 15; Ленинградское шоссе 78, 80, 82"
1085759505;Головинский;Детская площадка;"Конаковский пр. 15; Ленинградское шоссе 78, 80, 82"
1085759507;Головинский;Спортивная площадка;"Конаковский пр. 15; Ленинградское шоссе 78, 80, 82"
1030049897;Головинский;Детская площадка;Солнечногорская ул. 17, 19, 21
1185161021;Головинский;Спортивная площадка;Смольная ул. 11, 3, 5, 7
1185161027;Головинский;Спортивная площадка;Смольная ул. 11, 3, 5, 7
1183723732;Головинский;Спортивная площадка;Лихачевский 3-й пер. 7 к.2, 7 к.3
1183723738;Головинский;Детская площадка;Лихачевский 3-й пер. 7 к.2, 7 к.3
1183723746;Головинский;Спортивная площадка;Лихачевский 3-й пер. 7 к.2, 7 к.3
925287861;Головинский;Детская площадка;Авангардная ул. 11, 9 к.2
1139707314;Головинский;Спортивная площадка;Пулковская ул. 4 к.1, 4 к.2, 4 к.3
1139707322;Головинский;Детская площадка;Пулковская ул. 4 к.1, 4 к.2, 4 к.3
1139707326;Головинский;Детская площадка;Пулковская ул. 4 к.1, 4 к.2, 4 к.3
1139707342;Головинский;Детская площадка;Пулковская ул. 4 к.1, 4 к.2, 4 к.3
1139707344;Головинский;Детская площадка;Пулковская ул. 4 к.1, 4 к.2, 4 к.3
1139707346;Головинский;Детская площадка;Пулковская ул. 4 к.1, 4 к.2, 4 к.3
1139707348;Головинский;Детская площадка;Пулковская ул. 4 к.1, 4 к.2, 4 к.3
1139707350;Головинский;Детская площадка;Пулковская ул. 4 к.1, 4 к.2, 4 к.3
1139707360;Головинский;Детская площадка;Пулковская ул. 4 к.1, 4 к.2, 4 к.3
933936082;Головинский;Спортивная площадка;"Онежская ул. 28/1, 30, 32/72, 34 к.1, 34 к.2; Солнечногорская ул. 3; Флотская ул. 21, 72А"
933936088;Головинский;Детская площадка;"Онежская ул. 28/1, 30, 32/72, 34 к.1, 34 к.2; Солнечногорская ул. 3; Флотская ул. 21, 72А"
933936090;Головинский;Детская площадка;"Онежская ул. 28/1, 30, 32/72, 34 к.1, 34 к.2; Солнечногорская ул. 3; Флотская ул. 21, 72А"
990069281;Головинский;Детская площадка;Флотская ул. 68 к.1
990069283;Головинский;Детская площадка;Флотская ул. 68 к.1
990069293;Головинский;Детская площадка;Флотская ул. 68 к.1
1138896597;Головинский;Детская площадка;Флотская ул. 44, 46
1138896605;Головинский;Спортивная площадка;Флотская ул. 44, 46
1183796573;Головинский;Детская площадка;Флотская ул. 56
1033567904;Головинский;Детская площадка;Пулковская ул. 3
1067641517;Головинский;Спортивная площадка;Ленинградское шоссе 70
1067641519;Головинский;Детская площадка;Ленинградское шоссе 70
1067641521;Головинский;Спортивная площадка;Ленинградское шоссе 70
1139707292;Головинский;Спортивная площадка;Пулковская ул. 4 к.1, 4 к.2, 4 к.3
1139707338;Головинский;Спортивная площадка;Пулковская ул. 4 к.1, 4 к.2, 4 к.3
1028823455;Головинский;Детская площадка;Лихачевский 3-й пер. 7 к.4
990005168;Головинский;Детская площадка;"Авангардная ул. 22/32 к.1, 22/32 к.2; Флотская ул. 34 к.2"
990005170;Головинский;Детская площадка;"Авангардная ул. 22/32 к.1, 22/32 к.2; Флотская ул. 34 к.2"
990005180;Головинский;Спортивная площадка;"Авангардная ул. 22/32 к.1, 22/32 к.2; Флотская ул. 34 к.2"
1085843992;Головинский;Детская площадка;Солнечногорская ул. 22, 22 к.2, 24 к.3
1085844000;Головинский;Детская площадка;Солнечногорская ул. 22, 22 к.2, 24 к.3
970755388;Головинский;Детская площадка;Лавочкина ул. 10, 12, 4, 6 к.1, 6 к.2, 8
1140250105;Головинский;Детская площадка;Кронштадтский бульв. 37 к.1, 37 к.2, 37 к.3, 39 к.1, 41
932038405;Головинский;Детская площадка;Флотская ул. 16, 18
932038407;Головинский;Детская площадка;Флотская ул. 16, 18
932038415;Головинский;Детская площадка;Флотская ул. 16, 18
931093385;Головинский;Детская площадка;Флотская ул. 20, 22
931093383;Головинский;Детская площадка;Флотская ул. 20, 22
916295330;Головинский;Спортивная площадка;Авангардная ул. 6 к.2, 6 к.3, 8 к.3
930105175;Головинский;Детская площадка;Лавочкина ул. 20, 22, 24, 26, 28/42
1073589548;Головинский;Детская площадка;Автомоторная ул. 4 к.6
888260439;Головинский;Детская площадка;Автомоторная ул. 3 к.1, 3 к.2
910428369;Головинский;Спортивная площадка;Флотская ул. 76 к.2, 78, 78 к.1, 80/7
1305834939;Головинский;Детская площадка;Флотская ул. 76 к.2, 78, 78 к.1, 80/7
1305834945;Головинский;Детская площадка;Флотская ул. 76 к.2, 78, 78 к.1, 80/7
863981345;Головинский;Спортивная площадка;"Конаковский пр. 2/5; Пулковская ул. 7"
863981347;Головинский;Детская площадка;"Конаковский пр. 2/5; Пулковская ул. 7"
1073611562;Головинский;Детская площадка;Автомоторная ул. 6
1073611564;Головинский;Спортивная площадка;Автомоторная ул. 6
1075259928;Головинский;Детская площадка;Фестивальная ул. 46 к.1
1025990284;Головинский;Детская площадка;"Конаковский пр. 3; Пулковская ул. 3 к.1, 3 к.3"
1016434655;Головинский;Спортивная площадка;Онежская ул. 16 к.4
1016434669;Головинский;Спортивная площадка;Онежская ул. 16 к.4
1016434649;Головинский;Детская площадка;Онежская ул. 16 к.4
1016434651;Головинский;Спортивная площадка;Онежская ул. 16 к.4
1086816401;Головинский;Детская площадка;Михалковская ул. 40, 42, 44, 46 к.1, 46 к.3
1002547447;Головинский;Детская площадка;Онежская ул. 18
1086586157;Головинский;Спортивная площадка;"Сенежская ул. 3, 5; Солнечногорская ул. 5 к.1, 7 к.1; Флотская ул. 74, 76"
1086586163;Головинский;Детская площадка;"Сенежская ул. 3, 5; Солнечногорская ул. 5 к.1, 7 к.1; Флотская ул. 74, 76"
1086586159;Головинский;Спортивная площадка;"Сенежская ул. 3, 5; Солнечногорская ул. 5 к.1, 7 к.1; Флотская ул. 74, 76"
1086586167;Головинский;Детская площадка;"Сенежская ул. 3, 5; Солнечногорская ул. 5 к.1, 7 к.1; Флотская ул. 74, 76"
1086586161;Головинский;Детская площадка;"Сенежская ул. 3, 5; Солнечногорская ул. 5 к.1, 7 к.1; Флотская ул. 74, 76"
1315983649;Головинский;Спортивная площадка;"Сенежская ул. 3, 5; Солнечногорская ул. 5 к.1, 7 к.1; Флотская ул. 74, 76"
1315983651;Головинский;Спортивная площадка;"Сенежская ул. 3, 5; Солнечногорская ул. 5 к.1, 7 к.1; Флотская ул. 74, 76"
1182760531;Головинский;Детская площадка;Солнечногорская ул. 14 к.1, 14 к.2
1183286210;Головинский;Детская площадка;"Солнечногорская ул. 16/1; Солнечногорский пр. 3 к.1, 3 к.3, 5 к.1"
1183286206;Головинский;Детская площадка;"Солнечногорская ул. 16/1; Солнечногорский пр. 3 к.1, 3 к.3, 5 к.1"
1181981713;Головинский;Детская площадка;Флотская ул. 90, 92
1183777843;Головинский;Детская площадка;Кронштадтский бульв. 19 к.3, 21, 25, 27
1073780120;Головинский;Детская площадка;"Авангардная ул. 13, 15, 17, 19/30; Флотская ул. 28 к.1, 28 к.2"
1180232211;Головинский;Детская площадка;Зеленоградская ул. 3
1181047237;Головинский;Детская площадка;"Конаковский пр. 19; Флотская ул. 4, 6/21"
985007614;Головинский;Детская площадка;Лихачевский 3-й пер. 2 к.3
1186700592;Головинский;Детская площадка;Конаковский пр. 4 к.1, 4 к.2, 6 к.1, 6 к.2
989408820;Головинский;Детская площадка;Смольная ул. 21А
935047269;Головинский;Детская площадка;Онежская ул. 15, 15Б, 17
935047255;Головинский;Детская площадка;Онежская ул. 15, 15Б, 17
924879161;Головинский;Детская площадка;Флотская ул. 29 к.1, 31, 33
924879163;Головинский;Детская площадка;Флотская ул. 29 к.1, 31, 33
1324347032;Головинский;Детская площадка;Флотская улица дом 54, дом 58, корпус 1
1324597936;Головинский;Спортивная площадка;Смольная улица дом 21, корпус 2, дом 21, корпус 3, дом 23, корпус 2
1324598044;Головинский;Детская площадка;Смольная улица дом 21, корпус 2, дом 21, корпус 3, дом 23, корпус 2
1324654571;Головинский;Детская площадка;Онежская улица дом 5А
1023485552;Головинский;Детская площадка;Солнечногорская улица дом 15, корпус 1, дом 15, корпус 2
1179171849;Головинский;Детская площадка;Лихачевский 3-й пер. 5, 7 к.1
1179171851;Головинский;Детская площадка;Лихачевский 3-й пер. 5, 7 к.1
982895826;Головинский;Спортивная площадка;Авангардная ул. 12
931082756;Головинский;Детская площадка;Лихачевский 3-й пер. 2 к.1, 2 к.2
1180044034;Головинский;Спортивная площадка;Онежская ул. 5
1180044036;Головинский;Детская площадка;Онежская ул. 5
1189442605;Головинский;Детская площадка;Лавочкина ул. 2
1086250257;Головинский;Детская площадка;Онежская ул. 11/11, 13, 13 к.1
1086250259;Головинский;Детская площадка;Онежская ул. 11/11, 13, 13 к.1
1086250265;Головинский;Спортивная площадка;Онежская ул. 11/11, 13, 13 к.1
1182376335;Головинский;Детская площадка;Кронштадтский бульв. 35А
989845382;Головинский;Спортивная площадка;Флотская ул. 68 к.2
1139160565;Головинский;Детская площадка;Флотская ул. 52 к.1, 52 к.2, 52 к.3, 52 к.4
1033325456;Головинский;Спортивная площадка;Кронштадтский бульв. 55А
1033325452;Головинский;Детская площадка;Кронштадтский бульв. 55А
1181077799;Головинский;Детская площадка;Солнечногорская ул. 23 к.1, 23 к.2
933963567;Головинский;Детская площадка;1-й Лихачёвский переулок дом 4А, дом 4, корпус 2, дом 4, корпус 2А, дом 4, корпус 3, дом 6
938187811;Головинский;Детская площадка;Пулковская ул. 11, 13, 15 к.1, 15 к.2, 17, 9
938187813;Головинский;Спортивная площадка;Пулковская ул. 11, 13, 15 к.1, 15 к.2, 17, 9
938187807;Головинский;Детская площадка;Пулковская ул. 11, 13, 15 к.1, 15 к.2, 17, 9
904342274;Головинский;Детская площадка;Кронштадтский бульв. 34 к.1, 34 к.2
1325426496;Головинский;Спортивная площадка;Кронштадтский бульвар дом 27, корпус 1
1325426626;Головинский;Детская площадка;Кронштадтский бульвар дом 27, корпус 1
1045432621;Дмитровский;Детская площадка;Дмитровское шоссе 139
956005400;Дмитровский;Детская площадка;Дмитровское шоссе 153
1153222371;Дмитровский;Детская площадка;Икшинская ул. 10
1021759437;Дмитровский;Детская площадка;Карельский бульв. 6 к.1, 6 к.2, 8 к.1, 8 к.2
1021759441;Дмитровский;Детская площадка;Карельский бульв. 6 к.1, 6 к.2, 8 к.1, 8 к.2
988406292;Дмитровский;Детская площадка;Коровинское шоссе 20 к.1
988406296;Дмитровский;Спортивная площадка;Коровинское шоссе 20 к.1
1194230609;Дмитровский;Детская площадка;Коровинское шоссе 30
1109821198;Дмитровский;Детская площадка;Клязьминская ул. 32 к.1
1109821202;Дмитровский;Детская площадка;Клязьминская ул. 32 к.1
921042007;Дмитровский;Детская площадка;Клязьминская ул. 19
907426296;Дмитровский;Детская площадка;Софьи Ковалевской ул. 2 к.2
907426298;Дмитровский;Спортивная площадка;Софьи Ковалевской ул. 2 к.2
907441798;Дмитровский;Детская площадка;Софьи Ковалевской ул. 2 к.4
907441802;Дмитровский;Спортивная площадка;Софьи Ковалевской ул. 2 к.4
907441806;Дмитровский;Спортивная площадка;Софьи Ковалевской ул. 2 к.4
908843734;Дмитровский;Детская площадка;Софьи Ковалевской ул. 8
1140206663;Дмитровский;Детская площадка;Дмитровское шоссе 135 к.1
907467504;Дмитровский;Детская площадка;Софьи Ковалевской ул. 12 к.1
907467502;Дмитровский;Детская площадка;Софьи Ковалевской ул. 12 к.1
907471823;Дмитровский;Детская площадка;Софьи Ковалевской ул. 12 к.2
908485117;Дмитровский;Спортивная площадка;Яхромская ул. 3 к.2, 3 к.3, 3 к.4
908485119;Дмитровский;Детская площадка;Яхромская ул. 3 к.2, 3 к.3, 3 к.4
908485141;Дмитровский;Спортивная площадка;Яхромская ул. 3 к.2, 3 к.3, 3 к.4
942988703;Дмитровский;Спортивная площадка;Вагоноремонтная ул. 13
908512157;Дмитровский;Детская площадка;Яхромская ул. 9 к.1, 9 к.2, 9 к.3
908512155;Дмитровский;Детская площадка;Яхромская ул. 9 к.1, 9 к.2, 9 к.3
1047646327;Дмитровский;Спортивная площадка;Ангарская ул. 39
1047507941;Дмитровский;Детская площадка;Ангарская ул. 41
907386394;Дмитровский;Детская площадка;Ангарская ул. 45 к.6, 49 к.4
907386396;Дмитровский;Детская площадка;Ангарская ул. 45 к.6, 49 к.4
907386398;Дмитровский;Детская площадка;Ангарская ул. 45 к.6, 49 к.4
907386402;Дмитровский;Спортивная площадка;Ангарская ул. 45 к.6, 49 к.4
973797033;Дмитровский;Детская площадка;Ангарская ул. 67 к.2
973797045;Дмитровский;Детская площадка;Ангарская ул. 67 к.2
973797049;Дмитровский;Детская площадка;Ангарская ул. 67 к.2
973797041;Дмитровский;Спортивная площадка;Ангарская ул. 67 к.2
1181607154;Дмитровский;Детская площадка;Карельский бульв. 4 к.1, 4 к.3, 4 к.4
1070551167;Дмитровский;Спортивная площадка;Карельский бульв. 5
1070551169;Дмитровский;Детская площадка;Карельский бульв. 5
913457988;Дмитровский;Детская площадка;Дмитровское шоссе 113 к.1
913457992;Дмитровский;Спортивная площадка;Дмитровское шоссе 113 к.1
913458000;Дмитровский;Спортивная площадка;Дмитровское шоссе 113 к.1
913457998;Дмитровский;Спортивная площадка;Дмитровское шоссе 113 к.1
913457990;Дмитровский;Спортивная площадка;Дмитровское шоссе 113 к.1
908202870;Дмитровский;Детская площадка;"Дмитровское шоссе 117 к.1, 119 к.1, 121 к.1; Яхромская ул. 8"
908202866;Дмитровский;Детская площадка;"Дмитровское шоссе 117 к.1, 119 к.1, 121 к.1; Яхромская ул. 8"
908202872;Дмитровский;Детская площадка;"Дмитровское шоссе 117 к.1, 119 к.1, 121 к.1; Яхромская ул. 8"
908202878;Дмитровский;Детская площадка;"Дмитровское шоссе 117 к.1, 119 к.1, 121 к.1; Яхромская ул. 8"
908202868;Дмитровский;Спортивная площадка;"Дмитровское шоссе 117 к.1, 119 к.1, 121 к.1; Яхромская ул. 8"
908202874;Дмитровский;Спортивная площадка;"Дмитровское шоссе 117 к.1, 119 к.1, 121 к.1; Яхромская ул. 8"
908202862;Дмитровский;Спортивная площадка;"Дмитровское шоссе 117 к.1, 119 к.1, 121 к.1; Яхромская ул. 8"
909496378;Дмитровский;Детская площадка;Дмитровское шоссе 129 к.1
1044786874;Дмитровский;Спортивная площадка;Лобненская ул. 6А
1044786878;Дмитровский;Детская площадка;Лобненская ул. 6А
933134029;Дмитровский;Детская площадка;Клязьминская ул. 8 к.1
1044820670;Дмитровский;Спортивная площадка;Лобненская ул. 12 к.1
1044820674;Дмитровский;Детская площадка;Лобненская ул. 12 к.1
1044820676;Дмитровский;Спортивная площадка;Лобненская ул. 12 к.1
1044820678;Дмитровский;Детская площадка;Лобненская ул. 12 к.1
1044820682;Дмитровский;Спортивная площадка;Лобненская ул. 12 к.1
1183238284;Дмитровский;Детская площадка;Лобненская ул. 12 к.2
920924073;Дмитровский;Детская площадка;Клязьминская ул. 21 к.1
973793698;Дмитровский;Спортивная площадка;Клязьминская ул. 11 к.2
947997894;Дмитровский;Детская площадка;Клязьминская ул. 32 к.2, 32 к.3
1183338877;Дмитровский;Детская площадка;Ангарская ул. 53 к.1, 57 к.1
1183338891;Дмитровский;Детская площадка;Ангарская ул. 53 к.1, 57 к.1
1183338919;Дмитровский;Детская площадка;Ангарская ул. 53 к.1, 57 к.1
1183338927;Дмитровский;Детская площадка;Ангарская ул. 53 к.1, 57 к.1
1183338931;Дмитровский;Детская площадка;Ангарская ул. 53 к.1, 57 к.1
1183338969;Дмитровский;Детская площадка;Ангарская ул. 53 к.1, 57 к.1
1046386325;Дмитровский;Детская площадка;Ангарская ул. 67 к.3
1046386329;Дмитровский;Детская площадка;Ангарская ул. 67 к.3
1046386331;Дмитровский;Детская площадка;Ангарская ул. 67 к.3
955630091;Дмитровский;Детская площадка;Ангарская ул. 45 к.2
893811528;Дмитровский;Детская площадка;Долгопрудная ул. 12
893811534;Дмитровский;Детская площадка;Долгопрудная ул. 12
893811536;Дмитровский;Детская площадка;Долгопрудная ул. 12
1032188673;Дмитровский;Детская площадка;Дмитровское шоссе 127 к.1
1032188677;Дмитровский;Спортивная площадка;Дмитровское шоссе 127 к.1
1278166871;Дмитровский;Детская площадка;Софьи Ковалевской ул. 16, 18
1278255265;Дмитровский;Детская площадка;"Софьи Ковалевской ул. 14; Учинская ул. 11"
938491558;Дмитровский;Спортивная площадка;Восьмисотлетия Москвы ул. 2 к.1, 2 к.2
1284525689;Дмитровский;Детская площадка;Восьмисотлетия Москвы ул. 2 к.1, 2 к.2
1284525695;Дмитровский;Детская площадка;Восьмисотлетия Москвы ул. 2 к.1, 2 к.2
913463797;Дмитровский;Спортивная площадка;Яхромская ул. 1А
949824330;Дмитровский;Детская площадка;Карельский бульв. 21 к.1
949824338;Дмитровский;Детская площадка;Карельский бульв. 21 к.1
1181655837;Дмитровский;Детская площадка;Софьи Ковалевской ул. 4А
1020264068;Дмитровский;Спортивная площадка;Коровинское шоссе 20 к.2
956277539;Дмитровский;Спортивная площадка;Ангарская ул. 57 к.4
956277541;Дмитровский;Детская площадка;Ангарская ул. 57 к.4
989957806;Дмитровский;Детская площадка;Коровинское шоссе 22 к.1
989957810;Дмитровский;Детская площадка;Коровинское шоссе 22 к.1
973793692;Дмитровский;Детская площадка;Клязьминская ул. 11 к.2
973793694;Дмитровский;Детская площадка;Клязьминская ул. 11 к.2
913463805;Дмитровский;Детская площадка;Яхромская ул. 1А
913463807;Дмитровский;Детская площадка;Яхромская ул. 1А
913463809;Дмитровский;Детская площадка;Яхромская ул. 1А
907345895;Дмитровский;Детская площадка;Дмитровское шоссе 155 к.2
1164939233;Дмитровский;Детская площадка;Дмитровское шоссе 109 к.1
944921536;Дмитровский;Спортивная площадка;Вагоноремонтная ул. 17
944921534;Дмитровский;Детская площадка;Вагоноремонтная ул. 17
1114274960;Дмитровский;Детская площадка;Карельский бульв. 21 к.2
910191455;Дмитровский;Детская площадка;Лобненская ул. 3
920896911;Дмитровский;Спортивная площадка;"Клязьминская ул. 29 к.1; Лобненская ул. 12 к.4"
920896913;Дмитровский;Детская площадка;"Клязьминская ул. 29 к.1; Лобненская ул. 12 к.4"
920896917;Дмитровский;Детская площадка;"Клязьминская ул. 29 к.1; Лобненская ул. 12 к.4"
920896927;Дмитровский;Спортивная площадка;"Клязьминская ул. 29 к.1; Лобненская ул. 12 к.4"
907358058;Дмитровский;Детская площадка;Дмитровское шоссе 149
907840320;Дмитровский;Детская площадка;Софьи Ковалевской ул. 10 к.2
920325598;Дмитровский;Спортивная площадка;Лобненская ул. 15 к.1, 15 к.2
920325594;Дмитровский;Детская площадка;Лобненская ул. 15 к.1, 15 к.2
920325590;Дмитровский;Спортивная площадка;Лобненская ул. 15 к.1, 15 к.2
913452142;Дмитровский;Детская площадка;Яхромская ул. 6
1298496369;Дмитровский;Детская площадка;Учинская ул. 1А
1298496373;Дмитровский;Детская площадка;Учинская ул. 1А
893403684;Дмитровский;Детская площадка;Вагоноремонтная ул. 5 к.2
933301044;Дмитровский;Детская площадка;Клязьминская ул. 9 к.2
1301256852;Дмитровский;Спортивная площадка;Клязьминская ул. 6 к.2
1301256859;Дмитровский;Детская площадка;Клязьминская ул. 6 к.2
1301565347;Дмитровский;Детская площадка;Ангарская ул. 45 к.1
1109846354;Дмитровский;Детская площадка;Клязьминская ул. 13
933301570;Дмитровский;Детская площадка;Коровинское шоссе 36 к.1
920246613;Дмитровский;Детская площадка;Софьи Ковалевской ул. 4 к.2, 4 к.3
920246611;Дмитровский;Спортивная площадка;Софьи Ковалевской ул. 4 к.2, 4 к.3
1107857576;Дмитровский;Спортивная площадка;Клязьминская ул. 34
954844272;Дмитровский;Детская площадка;Ангарская ул. 45 к.4
933126015;Дмитровский;Детская площадка;Коровинское шоссе 14 к.1
1306561586;Дмитровский;Спортивная площадка;Коровинское шоссе 14 к.1
1256448515;Дмитровский;Детская площадка;Коровинское шоссе 24 к.2
1308802886;Дмитровский;Детская площадка;Дмитровское шоссе 107А к.1, 107А к.2, 107А к.3, 107А к.4, 107А к.5, 107Б
1308802890;Дмитровский;Спортивная площадка;Дмитровское шоссе 107А к.1, 107А к.2, 107А к.3, 107А к.4, 107А к.5, 107Б
1308802903;Дмитровский;Детская площадка;Дмитровское шоссе 107А к.1, 107А к.2, 107А к.3, 107А к.4, 107А к.5, 107Б
1308802907;Дмитровский;Детская площадка;Дмитровское шоссе 107А к.1, 107А к.2, 107А к.3, 107А к.4, 107А к.5, 107Б
1308802911;Дмитровский;Спортивная площадка;Дмитровское шоссе 107А к.1, 107А к.2, 107А к.3, 107А к.4, 107А к.5, 107Б
1308802915;Дмитровский;Детская площадка;Дмитровское шоссе 107А к.1, 107А к.2, 107А к.3, 107А к.4, 107А к.5, 107Б
1308802922;Дмитровский;Детская площадка;Дмитровское шоссе 107А к.1, 107А к.2, 107А к.3, 107А к.4, 107А к.5, 107Б
1308802936;Дмитровский;Детская площадка;Дмитровское шоссе 107А к.1, 107А к.2, 107А к.3, 107А к.4, 107А к.5, 107Б
1308802943;Дмитровский;Детская площадка;Дмитровское шоссе 107А к.1, 107А к.2, 107А к.3, 107А к.4, 107А к.5, 107Б
908352164;Дмитровский;Спортивная площадка;Яхромская ул. 1 к.2
908352156;Дмитровский;Детская площадка;Яхромская ул. 1 к.2
908255559;Дмитровский;Детская площадка;Яхромская ул. 4
913499649;Дмитровский;Детская площадка;Софьи Ковалевской ул. 10 к.3
1320703620;Дмитровский;Детская площадка;Ангарская ул. 51 к.2
1320703623;Дмитровский;Спортивная площадка;Ангарская ул. 51 к.2
1320703626;Дмитровский;Детская площадка;Ангарская ул. 51 к.2
1320703628;Дмитровский;Детская площадка;Ангарская ул. 51 к.2
1320703630;Дмитровский;Детская площадка;Ангарская ул. 51 к.2
910234333;Дмитровский;Детская площадка;Лобненская ул. 9А
1186421188;Дмитровский;Детская площадка;Карельский бульвар дом 2, корпус 1, дом 2, корпус 2, дом 2, корпус 3
1186421184;Дмитровский;Детская площадка;Карельский бульвар дом 2, корпус 1, дом 2, корпус 2, дом 2, корпус 3
1186421186;Дмитровский;Детская площадка;Карельский бульвар дом 2, корпус 1, дом 2, корпус 2, дом 2, корпус 3
944020704;Дмитровский;Детская площадка;Карельский бульв. 3 к.3
1110389571;Дмитровский;Детская площадка;Клязьминская ул. 36
1045468105;Дмитровский;Детская площадка;Долгопрудная ул. 11
1045468109;Дмитровский;Спортивная площадка;Долгопрудная ул. 11
933144363;Дмитровский;Детская площадка;Клязьминская ул. 8Б
933144365;Дмитровский;Спортивная площадка;Клязьминская ул. 8Б
943627350;Дмитровский;Детская площадка;Долгопрудная ул. 13 к.1
943627347;Дмитровский;Детская площадка;Долгопрудная ул. 13 к.1
943627345;Дмитровский;Детская площадка;Долгопрудная ул. 13 к.1
893842371;Дмитровский;Детская площадка;Долгопрудная ул. 8 к.2
893842373;Дмитровский;Детская площадка;Долгопрудная ул. 8 к.2
933154049;Дмитровский;Детская площадка;Ангарская ул. 65 к.2
913468701;Дмитровский;Спортивная площадка;Дмитровское шоссе 129 к.2
913468711;Дмитровский;Спортивная площадка;Дмитровское шоссе 129 к.2
1195406105;Дмитровский;Спортивная площадка;Клязьминская ул. 4
1033568981;Дмитровский;Спортивная площадка;Клязьминская ул. 28А
1045807126;Дмитровский;Детская площадка;Вагоноремонтная ул. 19
893416024;Дмитровский;Детская площадка;Вагоноремонтная ул. 5А
1033568983;Дмитровский;Детская площадка;Клязьминская ул. 28А
893800910;Дмитровский;Спортивная площадка;Дмитровское шоссе 155 к.3
907975723;Дмитровский;Детская площадка;Учинская ул. 3 к.1
893906909;Дмитровский;Детская площадка;Карельский бульв. 24
943608454;Дмитровский;Детская площадка;Дмитровское шоссе 137 к.1
907479532;Дмитровский;Детская площадка;Софьи Ковалевской ул. 12 к.3
943957390;Дмитровский;Детская площадка;Карельский бульв. 23 к.1
909274136;Дмитровский;Детская площадка;Дмитровское шоссе 125 к.1
909274134;Дмитровский;Детская площадка;Дмитровское шоссе 125 к.1
910210997;Дмитровский;Детская площадка;Лобненская ул. 9
942667715;Дмитровский;Детская площадка;Клязьминская ул. 32
893918585;Дмитровский;Детская площадка;Карельский бульв. 28
910176313;Дмитровский;Детская площадка;Икшинская ул. 6
910198432;Дмитровский;Детская площадка;Лобненская ул. 5, 7
1181287356;Дмитровский;Спортивная площадка;Клязьминская ул. 5 к.1
944403989;Дмитровский;Спортивная площадка;Клязьминская ул. 28
1303603590;Дмитровский;Спортивная площадка;Клязьминская ул. 28
1322704743;Дмитровский;Спортивная площадка;Долгопрудная улица дом 5
1322704957;Дмитровский;Детская площадка;Долгопрудная улица дом 5
1148032456;Западное Дегунино;Детская площадка;Ангарская ул. 20 к.3
1127868200;Западное Дегунино;Детская площадка;Ангарская ул. 13
1179405247;Западное Дегунино;Спортивная площадка;Весенняя ул. 8
1103871077;Западное Дегунино;Детская площадка;Коровинское шоссе 29 к.1
987163310;Западное Дегунино;Детская площадка;"Ангарская ул. 33, 33А; Коровинское шоссе 27"
1128552731;Западное Дегунино;Детская площадка;Весенняя ул. 20, 20А
1128552733;Западное Дегунино;Детская площадка;Весенняя ул. 20, 20А
1178341227;Западное Дегунино;Детская площадка;Дегунинская ул. 15
1148884930;Западное Дегунино;Детская площадка;Новая ул. 22
1116753191;Западное Дегунино;Детская площадка;Федоренко Маршала ул. 10 к.2
1026001416;Западное Дегунино;Детская площадка;Федоренко Маршала ул. 8 к.1, 8 к.2
1025912419;Западное Дегунино;Детская площадка;Краснополянская ул. 8
986898779;Западное Дегунино;Детская площадка;Федоренко Маршала ул. 8 к.4
911623288;Западное Дегунино;Спортивная площадка;Федоренко Маршала ул. 4 к.1
911623290;Западное Дегунино;Детская площадка;Федоренко Маршала ул. 4 к.1
1110842073;Западное Дегунино;Детская площадка;Дегунинская ул. 19 к.1
1110842077;Западное Дегунино;Детская площадка;Дегунинская ул. 19 к.1
1116054537;Западное Дегунино;Детская площадка;Новая ул. 10
1128695432;Западное Дегунино;Детская площадка;Федоренко Маршала ул. 16/2 к.1, 16/2 к.2
1128695446;Западное Дегунино;Детская площадка;Федоренко Маршала ул. 16/2 к.1, 16/2 к.2
1128178306;Западное Дегунино;Детская площадка;Новая ул. 14
1128178308;Западное Дегунино;Детская площадка;Новая ул. 14
922425364;Западное Дегунино;Детская площадка;Бусиновская Горка ул. 1 к.1, 1 к.2
922425376;Западное Дегунино;Детская площадка;Бусиновская Горка ул. 1 к.1, 1 к.2
1128760494;Западное Дегунино;Детская площадка;Ангарская ул. 21
1155184658;Западное Дегунино;Детская площадка;Ивана Сусанина ул. 6 к.1
1155534551;Западное Дегунино;Детская площадка;Ивана Сусанина ул. 6 к.4
1155534553;Западное Дегунино;Детская площадка;Ивана Сусанина ул. 6 к.4
1155534555;Западное Дегунино;Детская площадка;Ивана Сусанина ул. 6 к.4
1179269455;Западное Дегунино;Детская площадка;Базовская ул. 20 к.2
1149910737;Западное Дегунино;Детская площадка;Ивана Сусанина ул. 4 к.7
1149910754;Западное Дегунино;Детская площадка;Ивана Сусанина ул. 4 к.7
1128483974;Западное Дегунино;Детская площадка;Базовская ул. 15 к.1
1128483982;Западное Дегунино;Спортивная площадка;Базовская ул. 15 к.1
1128483984;Западное Дегунино;Спортивная площадка;Базовская ул. 15 к.1
1109848171;Западное Дегунино;Детская площадка;Базовская ул. 15 к.6
1127980208;Западное Дегунино;Детская площадка;Базовская ул. 15 к.9
1127954133;Западное Дегунино;Детская площадка;Базовская ул. 17
1127954149;Западное Дегунино;Спортивная площадка;Базовская ул. 17
1033110905;Западное Дегунино;Детская площадка;Дмитровское шоссе 73Б
1033110907;Западное Дегунино;Детская площадка;Дмитровское шоссе 73Б
1033110909;Западное Дегунино;Детская площадка;Дмитровское шоссе 73Б
1033110911;Западное Дегунино;Детская площадка;Дмитровское шоссе 73Б
1033110913;Западное Дегунино;Детская площадка;Дмитровское шоссе 73Б
1149880620;Западное Дегунино;Детская площадка;Весенняя ул. 19
1150352260;Западное Дегунино;Детская площадка;Коровинское шоссе 23 к.2, 23 к.3
1150352264;Западное Дегунино;Детская площадка;Коровинское шоссе 23 к.2, 23 к.3
1150352270;Западное Дегунино;Детская площадка;Коровинское шоссе 23 к.2, 23 к.3
1116227228;Западное Дегунино;Спортивная площадка;"Базовская ул. 12; Новая ул. 9"
1179625343;Западное Дегунино;Детская площадка;Ивана Сусанина ул. 2 к.1
1167836894;Западное Дегунино;Детская площадка;"Базовская ул. 6/27; Весенняя ул. 25 к.1, 25 к.2"
989817545;Западное Дегунино;Детская площадка;Базовская ул. 20
1179247654;Западное Дегунино;Детская площадка;Базовская ул. 4А, 4Б, 4 к.1
1179247656;Западное Дегунино;Детская площадка;Базовская ул. 4А, 4Б, 4 к.1
1128703170;Западное Дегунино;Спортивная площадка;Федоренко Маршала ул. 10 к.1
1128703172;Западное Дегунино;Детская площадка;Федоренко Маршала ул. 10 к.1
1115957581;Западное Дегунино;Детская площадка;Базовская ул. 22В, 22Г
1115957583;Западное Дегунино;Детская площадка;Базовская ул. 22В, 22Г
1132744063;Западное Дегунино;Детская площадка;Дегунинская ул. 3 к.4
1150159217;Западное Дегунино;Детская площадка;Ивана Сусанина ул. 4 к.6
1253868547;Западное Дегунино;Детская площадка;Ангарская ул. 8
1265564698;Западное Дегунино;Детская площадка;Ивана Сусанина ул. 8 к.1
1265564700;Западное Дегунино;Детская площадка;Ивана Сусанина ул. 8 к.1
1265564708;Западное Дегунино;Спортивная площадка;Ивана Сусанина ул. 8 к.1
1266149168;Западное Дегунино;Детская площадка;Ангарская ул. 5
1266240929;Западное Дегунино;Детская площадка;Дегунинская ул. 5
1266240931;Западное Дегунино;Детская площадка;Дегунинская ул. 5
1266240939;Западное Дегунино;Спортивная площадка;Дегунинская ул. 5
1267270807;Западное Дегунино;Детская площадка;Новая ул. 5
1267285414;Западное Дегунино;Детская площадка;Новая ул. 3
1268098265;Западное Дегунино;Детская площадка;Ангарская ул. 26 к.1, 26 к.2, 26 к.4
1268098273;Западное Дегунино;Детская площадка;Ангарская ул. 26 к.1, 26 к.2, 26 к.4
1268098275;Западное Дегунино;Детская площадка;Ангарская ул. 26 к.1, 26 к.2, 26 к.4
1268098279;Западное Дегунино;Детская площадка;Ангарская ул. 26 к.1, 26 к.2, 26 к.4
1268098287;Западное Дегунино;Детская площадка;Ангарская ул. 26 к.1, 26 к.2, 26 к.4
1268098315;Западное Дегунино;Детская площадка;Ангарская ул. 26 к.1, 26 к.2, 26 к.4
1268098319;Западное Дегунино;Детская площадка;Ангарская ул. 26 к.1, 26 к.2, 26 к.4
1268162577;Западное Дегунино;Детская площадка;Дегунинская ул. 17
1268477199;Западное Дегунино;Детская площадка;Путейская ул. 2
1268477208;Западное Дегунино;Спортивная площадка;Путейская ул. 2
1268477215;Западное Дегунино;Детская площадка;Путейская ул. 2
1268477219;Западное Дегунино;Спортивная площадка;Путейская ул. 2
1268477225;Западное Дегунино;Детская площадка;Путейская ул. 2
1268486333;Западное Дегунино;Детская площадка;Коровинское шоссе 5 к.2
1268486339;Западное Дегунино;Детская площадка;Коровинское шоссе 5 к.2
1268880381;Западное Дегунино;Детская площадка;Весенняя ул. 3 к.1, 5
1268880383;Западное Дегунино;Спортивная площадка;Весенняя ул. 3 к.1, 5
1268880387;Западное Дегунино;Детская площадка;Весенняя ул. 3 к.1, 5
1268880389;Западное Дегунино;Детская площадка;Весенняя ул. 3 к.1, 5
1268880399;Западное Дегунино;Спортивная площадка;Весенняя ул. 3 к.1, 5
1268936219;Западное Дегунино;Спортивная площадка;Коровинское шоссе 15 к.2
1268936225;Западное Дегунино;Детская площадка;Коровинское шоссе 15 к.2
1268936233;Западное Дегунино;Спортивная площадка;Коровинское шоссе 15 к.2
1268936237;Западное Дегунино;Спортивная площадка;Коровинское шоссе 15 к.2
1269039792;Западное Дегунино;Детская площадка;Коровинское шоссе 7 к.3
1269039794;Западное Дегунино;Спортивная площадка;Коровинское шоссе 7 к.3
1269350586;Западное Дегунино;Детская площадка;Дегунинская ул. 10 к.1
1269350588;Западное Дегунино;Детская площадка;Дегунинская ул. 10 к.1
1269350590;Западное Дегунино;Детская площадка;Дегунинская ул. 10 к.1
1269350592;Западное Дегунино;Детская площадка;Дегунинская ул. 10 к.1
1269353649;Западное Дегунино;Детская площадка;Коровинское шоссе 7 к.1
1269716129;Западное Дегунино;Спортивная площадка;Новая ул. 1
1269716147;Западное Дегунино;Детская площадка;Новая ул. 1
1269716160;Западное Дегунино;Спортивная площадка;Новая ул. 1
1271348435;Западное Дегунино;Детская площадка;Коровинское шоссе 17
1271369223;Западное Дегунино;Детская площадка;Коровинское шоссе 13 к.2
1271369227;Западное Дегунино;Детская площадка;Коровинское шоссе 13 к.2
1271369231;Западное Дегунино;Детская площадка;Коровинское шоссе 13 к.2
1271401323;Западное Дегунино;Детская площадка;Федоренко Маршала ул. 4 к.2
1271401327;Западное Дегунино;Спортивная площадка;Федоренко Маршала ул. 4 к.2
1271401333;Западное Дегунино;Детская площадка;Федоренко Маршала ул. 4 к.2
1271401351;Западное Дегунино;Детская площадка;Федоренко Маршала ул. 4 к.2
1271404794;Западное Дегунино;Детская площадка;Талдомская ул. 17 к.2
1271404798;Западное Дегунино;Детская площадка;Талдомская ул. 17 к.2
1271404804;Западное Дегунино;Спортивная площадка;Талдомская ул. 17 к.2
1271591780;Западное Дегунино;Детская площадка;Дегунинская ул. 3
1271591782;Западное Дегунино;Детская площадка;Дегунинская ул. 3
1271591784;Западное Дегунино;Спортивная площадка;Дегунинская ул. 3
1271662239;Западное Дегунино;Детская площадка;Дегунинская ул. 8
1271727631;Западное Дегунино;Детская площадка;Дегунинская ул. 23 к.1
1271779185;Западное Дегунино;Детская площадка;Дегунинская ул. 22, 26
1271878138;Западное Дегунино;Спортивная площадка;Талдомская ул. 17 к.1
1271878140;Западное Дегунино;Детская площадка;Талдомская ул. 17 к.1
1272014215;Западное Дегунино;Детская площадка;"Ангарская ул. 26 к.3, 28 к.2; Коровинское шоссе 23 к.1, 25/30"
1272014217;Западное Дегунино;Детская площадка;"Ангарская ул. 26 к.3, 28 к.2; Коровинское шоссе 23 к.1, 25/30"
1272020483;Западное Дегунино;Спортивная площадка;Дегунинская ул. 13 к.1, 13 к.2
1272020485;Западное Дегунино;Детская площадка;Дегунинская ул. 13 к.1, 13 к.2
1272020487;Западное Дегунино;Спортивная площадка;Дегунинская ул. 13 к.1, 13 к.2
1272020497;Западное Дегунино;Спортивная площадка;Дегунинская ул. 13 к.1, 13 к.2
1272217194;Западное Дегунино;Детская площадка;Ивана Сусанина ул. 4 к.1, 4 к.2, 4 к.3, 4 к.4
1272679634;Западное Дегунино;Детская площадка;Дегунинская ул. 4 к.1
1272679642;Западное Дегунино;Детская площадка;Дегунинская ул. 4 к.1
1272773742;Западное Дегунино;Детская площадка;Краснополянская ул. 6 к.1, 6 к.2
1272773772;Западное Дегунино;Детская площадка;Краснополянская ул. 6 к.1, 6 к.2
1272773788;Западное Дегунино;Спортивная площадка;Краснополянская ул. 6 к.1, 6 к.2
1272773796;Западное Дегунино;Спортивная площадка;Краснополянская ул. 6 к.1, 6 к.2
1272783297;Западное Дегунино;Детская площадка;Весенняя ул. 14, 18
1272961817;Западное Дегунино;Детская площадка;Талдомская ул. 3
1272989980;Западное Дегунино;Детская площадка;Коровинское шоссе 9 к.2
1272990026;Западное Дегунино;Детская площадка;Коровинское шоссе 9 к.2
1273222935;Западное Дегунино;Детская площадка;Ангарская ул. 22 к.1, 22 к.2, 22 к.3, 22 к.4, 22 к.5
1273222997;Западное Дегунино;Детская площадка;Ангарская ул. 22 к.1, 22 к.2, 22 к.3, 22 к.4, 22 к.5
1273223009;Западное Дегунино;Детская площадка;Ангарская ул. 22 к.1, 22 к.2, 22 к.3, 22 к.4, 22 к.5
1273223071;Западное Дегунино;Детская площадка;Ангарская ул. 22 к.1, 22 к.2, 22 к.3, 22 к.4, 22 к.5
1273223309;Западное Дегунино;Спортивная площадка;Ангарская ул. 22 к.1, 22 к.2, 22 к.3, 22 к.4, 22 к.5
1273291789;Западное Дегунино;Детская площадка;Бусиновская Горка ул. 11 к.1, 11 к.2, 11 к.3
1273291958;Западное Дегунино;Спортивная площадка;Бусиновская Горка ул. 11 к.1, 11 к.2, 11 к.3
1273589319;Западное Дегунино;Детская площадка;Базовская ул. 14
1273589331;Западное Дегунино;Спортивная площадка;Базовская ул. 14
1273612473;Западное Дегунино;Детская площадка;Ангарская ул. 1 к.2, 1 к.3
1274103311;Западное Дегунино;Детская площадка;Коровинское шоссе 11 к.1
1274183740;Западное Дегунино;Детская площадка;Ангарская ул. 6
1274183764;Западное Дегунино;Спортивная площадка;Ангарская ул. 6
1274598880;Западное Дегунино;Детская площадка;Коровинское шоссе 1 к.2
1274957878;Западное Дегунино;Детская площадка;Базовская ул. 15 к.3
1274957936;Западное Дегунино;Спортивная площадка;Базовская ул. 15 к.3
1274957944;Западное Дегунино;Спортивная площадка;Базовская ул. 15 к.3
1275125188;Западное Дегунино;Детская площадка;Ангарская ул. 20 к.2
1275155581;Западное Дегунино;Детская площадка;Коровинское шоссе 3 к.2
1275195872;Западное Дегунино;Детская площадка;"Весенняя ул. 4; Талдомская ул. 11 к.1, 11 к.2, 11 к.3"
1275195884;Западное Дегунино;Детская площадка;"Весенняя ул. 4; Талдомская ул. 11 к.1, 11 к.2, 11 к.3"
1275195892;Западное Дегунино;Детская площадка;"Весенняя ул. 4; Талдомская ул. 11 к.1, 11 к.2, 11 к.3"
1275195900;Западное Дегунино;Спортивная площадка;"Весенняя ул. 4; Талдомская ул. 11 к.1, 11 к.2, 11 к.3"
1275195916;Западное Дегунино;Детская площадка;"Весенняя ул. 4; Талдомская ул. 11 к.1, 11 к.2, 11 к.3"
1275378957;Западное Дегунино;Детская площадка;Дегунинская ул. 13
1280012831;Западное Дегунино;Детская площадка;Базовская ул. 24Д
1269716153;Западное Дегунино;Спортивная площадка;Новая ул. 1
1280852642;Западное Дегунино;Спортивная площадка;Ангарская ул. 20 к.1
1281091467;Западное Дегунино;Детская площадка;Дегунинская ул. 14, 16
1274103305;Западное Дегунино;Спортивная площадка;Коровинское шоссе 11 к.1
1128703174;Западное Дегунино;Спортивная площадка;Федоренко Маршала ул. 10 к.1
1272014213;Западное Дегунино;Спортивная площадка;"Ангарская ул. 26 к.3, 28 к.2; Коровинское шоссе 23 к.1, 25/30"
1116227228;Западное Дегунино;Спортивная площадка;"Базовская ул. 12; Новая ул. 9"
1273291800;Западное Дегунино;Спортивная площадка;Бусиновская Горка ул. 11 к.1, 11 к.2, 11 к.3
1116227224;Западное Дегунино;Детская площадка;"Базовская ул. 12; Новая ул. 9"
1272783291;Западное Дегунино;Спортивная площадка;Весенняя ул. 14, 18
1272783305;Западное Дегунино;Спортивная площадка;Весенняя ул. 14, 18
1280655517;Западное Дегунино;Детская площадка;Ангарская ул. 17
1280655458;Западное Дегунино;Детская площадка;Ангарская ул. 17
1280655434;Западное Дегунино;Спортивная площадка;Ангарская ул. 17
1128219719;Западное Дегунино;Детская площадка;Базовская ул. 15 к.4
1128219731;Западное Дегунино;Спортивная площадка;Базовская ул. 15 к.4
1128219729;Западное Дегунино;Спортивная площадка;Базовская ул. 15 к.4
1116762050;Западное Дегунино;Детская площадка;Федоренко Маршала ул. 14 к.4
1323410844;Западное Дегунино;Спортивная площадка;Федоренко Маршала ул. 14 к.4
1323666505;Западное Дегунино;Детская площадка;Базовская улица дом 26
1323666511;Западное Дегунино;Спортивная площадка;Базовская улица дом 26
1133101543;Западное Дегунино;Детская площадка;Ангарская ул. 10
911610828;Западное Дегунино;Детская площадка;Федоренко Маршала ул. 2 к.1, 2 к.2
911610830;Западное Дегунино;Детская площадка;Федоренко Маршала ул. 2 к.1, 2 к.2
1103765471;Западное Дегунино;Детская площадка;Бусиновская Горка ул. 13
1155511143;Западное Дегунино;Детская площадка;Ивана Сусанина ул. 6 к.2
1155511149;Западное Дегунино;Спортивная площадка;Ивана Сусанина ул. 6 к.2
1179347856;Западное Дегунино;Детская площадка;Коровинское шоссе 3А к.1
1179347860;Западное Дегунино;Спортивная площадка;Коровинское шоссе 3А к.1
1022505397;Западное Дегунино;Детская площадка;Федоренко Маршала ул. 14 к.1, 14 к.2
911522063;Западное Дегунино;Детская площадка;Коровинское шоссе 29, 29А, 29Б
911522067;Западное Дегунино;Спортивная площадка;Коровинское шоссе 29, 29А, 29Б
911522073;Западное Дегунино;Детская площадка;Коровинское шоссе 29, 29А, 29Б
1149971748;Западное Дегунино;Детская площадка;Весенняя ул. 17/9
1154883944;Западное Дегунино;Детская площадка;Дегунинская ул. 3 к.3
1127990284;Западное Дегунино;Спортивная площадка;Базовская ул. 15 к.2
1253885259;Западное Дегунино;Спортивная площадка;Дегунинская ул. 12 к.1
1253885263;Западное Дегунино;Детская площадка;Дегунинская ул. 12 к.1
1253972725;Западное Дегунино;Спортивная площадка;Дегунинская ул. 20 к.1
1253972727;Западное Дегунино;Детская площадка;Дегунинская ул. 20 к.1
1253972729;Западное Дегунино;Спортивная площадка;Дегунинская ул. 20 к.1
1269911472;Западное Дегунино;Детская площадка;Ивана Сусанина ул. 4 к.5
1269911476;Западное Дегунино;Детская площадка;Ивана Сусанина ул. 4 к.5
1271136522;Западное Дегунино;Детская площадка;Талдомская ул. 17 к.3
1276608063;Западное Дегунино;Детская площадка;Коровинское шоссе 3 к.1
1323753688;Западное Дегунино;Спортивная площадка;Базовская улица дом 24Б
1323753696;Западное Дегунино;Детская площадка;Базовская улица дом 24Б
1323753698;Западное Дегунино;Спортивная площадка;Базовская улица дом 24Б
1323753708;Западное Дегунино;Детская площадка;Базовская улица дом 24Б
1323753926;Западное Дегунино;Детская площадка;Базовская улица дом 24Б
1104136860;Западное Дегунино;Детская площадка;Федоренко Маршала ул. 8 к.4
1104136872;Западное Дегунино;Детская площадка;Ангарская ул. 1 к.2, 1 к.3
913568445;Коптево;Детская площадка;Лихоборские Бугры ул. 10 к.1, 12
1137611221;Коптево;Детская площадка;Лихоборские Бугры ул. 10 к.1, 12
1137611234;Коптево;Спортивная площадка;"Коптевская ул. 28 к.1, 28 к.2, 28 к.3; Михалковский 3-й пер. 21"
1137611249;Коптево;Спортивная площадка;"Михалковская ул. 26 к.1, 26 к.2; Черепановых пр. 30, 32, 36, 38 к.1"
1137611260;Коптево;Детская площадка;"Михалковская ул. 26 к.1, 26 к.2; Черепановых пр. 30, 32, 36, 38 к.1"
1137611264;Коптево;Спортивная площадка;"Михалковская ул. 26 к.1, 26 к.2; Черепановых пр. 30, 32, 36, 38 к.1"
1137611369;Коптево;Детская площадка;"Михалковская ул. 26 к.1, 26 к.2; Черепановых пр. 30, 32, 36, 38 к.1"
1137611421;Коптево;Детская площадка;"Михалковская ул. 26 к.1, 26 к.2; Черепановых пр. 30, 32, 36, 38 к.1"
1176137617;Коптево;Детская площадка;"Михалковская ул. 26 к.1, 26 к.2; Черепановых пр. 30, 32, 36, 38 к.1"
1176137619;Коптево;Детская площадка;"Михалковская ул. 26 к.1, 26 к.2; Черепановых пр. 30, 32, 36, 38 к.1"
1198148446;Коптево;Детская площадка;"Железняка Матроса бульв. 7/20; Новопетровская ул. 16, 18"
1040377987;Коптево;Детская площадка;"Железняка Матроса бульв. 7/20; Новопетровская ул. 16, 18"
1118396114;Коптево;Детская площадка;Михалковский 3-й пер. 16 к.1
1184102600;Коптево;Детская площадка;Коптевская ул. 16 к.1
1184102604;Коптево;Детская площадка;Черепановых пр. 66, 68, 70
1137479442;Коптево;Детская площадка;Железняка Матроса бульв. 8
1137479452;Коптево;Спортивная площадка;Железняка Матроса бульв. 8
1137479454;Коптево;Детская площадка;Приорова ул. 14, 14А, 16 к.1, 16 к.3
1137479458;Коптево;Детская площадка;Приорова ул. 14, 14А, 16 к.1, 16 к.3
1016973696;Коптево;Спортивная площадка;Приорова ул. 14, 14А, 16 к.1, 16 к.3
1032220568;Коптево;Детская площадка;Приорова ул. 14, 14А, 16 к.1, 16 к.3
1087689452;Коптево;Детская площадка;Академическая Б. ул. 45 к.1
1087689454;Коптево;Детская площадка;"Коптевская ул. 22; Коптевский бульв. 21"
1087689474;Коптево;Детская площадка;Академическая Б. ул. 77 к.1, 77 к.2, 77 к.3
938702769;Коптево;Детская площадка;Академическая Б. ул. 77 к.1, 77 к.2, 77 к.3
938702771;Коптево;Спортивная площадка;Академическая Б. ул. 77 к.1, 77 к.2, 77 к.3
938702773;Коптево;Детская площадка;"Новомихалковский 3-й пр. 13; Рычагова Генерала ул. 4, 6"
938702779;Коптево;Спортивная площадка;"Новомихалковский 3-й пр. 13; Рычагова Генерала ул. 4, 6"
1143930644;Коптево;Спортивная площадка;"Новомихалковский 3-й пр. 13; Рычагова Генерала ул. 4, 6"
1143930654;Коптево;Спортивная площадка;"Новомихалковский 3-й пр. 13; Рычагова Генерала ул. 4, 6"
1191697864;Коптево;Детская площадка;"Новомихалковский 1-й пр. 4, 6, 8; Новомихалковский 3-й пр. 9"
1191698072;Коптево;Спортивная площадка;"Новомихалковский 1-й пр. 4, 6, 8; Новомихалковский 3-й пр. 9"
1040714769;Коптево;Спортивная площадка;"Новомихалковский 3-й пр. 15 к.1, 17, 17А; Рычагова Генерала ул. 3 к.1, 3 к.2"
1040714775;Коптево;Спортивная площадка;"Новомихалковский 3-й пр. 15 к.1, 17, 17А; Рычагова Генерала ул. 3 к.1, 3 к.2"
1040714783;Коптево;Спортивная площадка;"Академическая Б. ул. 23А; Железняка Матроса бульв. 6"
1040714773;Коптево;Детская площадка;"Академическая Б. ул. 23А; Железняка Матроса бульв. 6"
990430666;Коптево;Детская площадка;"Академическая Б. ул. 23А; Железняка Матроса бульв. 6"
883560400;Коптево;Спортивная площадка;"Академическая Б. ул. 23А; Железняка Матроса бульв. 6"
883560404;Коптево;Детская площадка;Рычагова Генерала ул. 13, 15, 17
1149895374;Коптево;Детская площадка;"Железняка Матроса бульв. 24 к.1, 24 к.2, 26/11; Михалковский 3-й пер. 9"
1192998659;Коптево;Детская площадка;"Железняка Матроса бульв. 24 к.1, 24 к.2, 26/11; Михалковский 3-й пер. 9"
1087090173;Коптево;Детская площадка;Железняка Матроса бульв. 20 к.1, 20 к.2
1087090183;Коптево;Спортивная площадка;"Академическая Б. ул. 10/13, 8 к.1, 8 к.2; Приорова ул. 11"
1087090217;Коптево;Спортивная площадка;Железняка Матроса бульв. 19, 21
1074069551;Коптево;Детская площадка;Железняка Матроса бульв. 19, 21
882885849;Коптево;Детская площадка;Железняка Матроса бульв. 19, 21
1182705481;Коптево;Детская площадка;"Железняка Матроса бульв. 3, 3 к.1; Новоподмосковный 8-й пер. 4"
1182705483;Коптево;Детская площадка;"Железняка Матроса бульв. 18/12; Коптевский бульв. 10"
937773868;Коптево;Детская площадка;"Академическая Б. ул. 12/18 к.1, 12/18 к.2, 14; Приорова ул. 16 к.2"
937773872;Коптево;Детская площадка;"Академическая Б. ул. 12/18 к.1, 12/18 к.2, 14; Приорова ул. 16 к.2"
1169857139;Коптево;Детская площадка;Академическая Б. ул. 59/1 к.А
913570680;Коптево;Детская площадка;Академическая Б. ул. 59/1 к.А
1194187401;Коптево;Детская площадка;Новомихалковский 3-й пр. 10, 12, 14, 8, 8 к.1
1145096271;Коптево;Детская площадка;Академическая Б. ул. 25, 25А
883548167;Коптево;Детская площадка;Михалковская ул. 24
883548169;Коптево;Детская площадка;Михалковская ул. 2
1150115943;Коптево;Детская площадка;Зои и Александра Космодемьянских ул. 34А, 34Б
1150115945;Коптево;Детская площадка;Зои и Александра Космодемьянских ул. 34А, 34Б
1150115947;Коптево;Спортивная площадка;"Коптевская ул. 83 к.1, 83 к.2, 89 к.10, 89 к.8; Черепановых пр. 16"
1327215223;Коптево;Детская площадка;"Коптевская ул. 83 к.1, 83 к.2, 89 к.10, 89 к.8; Черепановых пр. 16"
882892635;Коптево;Детская площадка;"Коптевская ул. 83 к.1, 83 к.2, 89 к.10, 89 к.8; Черепановых пр. 16"
882892643;Коптево;Спортивная площадка;"Коптевская ул. 83 к.1, 83 к.2, 89 к.10, 89 к.8; Черепановых пр. 16"
882513870;Коптево;Детская площадка;Клары Цеткин ул. 18Б к.1
872411713;Коптево;Детская площадка;Клары Цеткин ул. 18Б к.1
872411703;Коптево;Детская площадка;Академическая Б. ул. 18, 18А, 20
1191598310;Коптево;Детская площадка;Новомихалковский 1-й пр. 2 к.1
939768214;Коптево;Детская площадка;Новомихалковский 1-й пр. 2 к.1
939768216;Коптево;Детская площадка;"Железняка Матроса бульв. 23 к.1, 23 к.2; Михалковский 3-й пер. 13/25, 15 к.3, 15 к.4"
939768220;Коптево;Детская площадка;Железняка Матроса бульв. 31 к.1, 31 к.2, 31 к.3
939768230;Коптево;Спортивная площадка;Железняка Матроса бульв. 31 к.1, 31 к.2, 31 к.3
939768240;Коптево;Детская площадка;Железняка Матроса бульв. 31 к.1, 31 к.2, 31 к.3
1196243552;Коптево;Детская площадка;Железняка Матроса бульв. 31 к.1, 31 к.2, 31 к.3
1137461808;Коптево;Спортивная площадка;Железняка Матроса бульв. 31 к.1, 31 к.2, 31 к.3
1137461814;Коптево;Детская площадка;Черепановых пр. 72 к.1, 74
1137461824;Коптево;Детская площадка;Приорова ул. 38, 38А, 40, 40 к.2, 42
1137461826;Коптево;Детская площадка;Приорова ул. 38, 38А, 40, 40 к.2, 42
1137461830;Коптево;Спортивная площадка;Приорова ул. 38, 38А, 40, 40 к.2, 42
1137461838;Коптево;Детская площадка;Приорова ул. 38, 38А, 40, 40 к.2, 42
1137461846;Коптево;Спортивная площадка;Приорова ул. 38, 38А, 40, 40 к.2, 42
1191899250;Коптево;Спортивная площадка;Приорова ул. 38, 38А, 40, 40 к.2, 42
1191899252;Коптево;Спортивная площадка;Приорова ул. 38, 38А, 40, 40 к.2, 42
1191899254;Коптево;Спортивная площадка;Новомихалковский 4-й пр. 6
1191899256;Коптево;Детская площадка;Новомихалковский 4-й пр. 6
1087500344;Коптево;Детская площадка;Новомихалковский 4-й пр. 6
1087500346;Коптево;Спортивная площадка;Новомихалковский 4-й пр. 6
1087500364;Коптево;Детская площадка;Академическая Б. ул. 29А, 29Б
906505578;Коптево;Детская площадка;Академическая Б. ул. 29А, 29Б
906505580;Коптево;Детская площадка;Академическая Б. ул. 29А, 29Б
906505588;Коптево;Детская площадка;Коптевская ул. 32А, 34, 34 к.1, 34 к.2
906505594;Коптево;Детская площадка;Коптевская ул. 32А, 34, 34 к.1, 34 к.2
1144997144;Коптево;Детская площадка;Коптевская ул. 32А, 34, 34 к.1, 34 к.2
951691112;Коптево;Детская площадка;Коптевская ул. 32А, 34, 34 к.1, 34 к.2
951691114;Коптево;Детская площадка;Новопетровская ул. 10, 10А, 14
951691116;Коптево;Детская площадка;"Академическая Б. ул. 17; Зои и Александра Космодемьянских ул. 38, 40, 42"
951691156;Коптево;Спортивная площадка;"Академическая Б. ул. 17; Зои и Александра Космодемьянских ул. 38, 40, 42"
1017012423;Коптево;Детская площадка;"Академическая Б. ул. 17; Зои и Александра Космодемьянских ул. 38, 40, 42"
1017012427;Коптево;Спортивная площадка;"Академическая Б. ул. 17; Зои и Александра Космодемьянских ул. 38, 40, 42"
912085177;Коптево;Детская площадка;Коптевская ул. 10, 8
912085187;Коптево;Детская площадка;Коптевская ул. 10, 8
1185406756;Коптево;Детская площадка;Академическая Б. ул. 21, 21А, 23
1185406764;Коптево;Спортивная площадка;Академическая Б. ул. 21, 21А, 23
1185406767;Коптево;Детская площадка;Коптевская ул. 26 к.1, 26 к.2, 26 к.3, 26 к.4, 26 к.5, 26 к.6
1192269483;Коптево;Детская площадка;Коптевская ул. 26 к.1, 26 к.2, 26 к.3, 26 к.4, 26 к.5, 26 к.6
1192269485;Коптево;Детская площадка;Коптевская ул. 26 к.1, 26 к.2, 26 к.3, 26 к.4, 26 к.5, 26 к.6
911912169;Коптево;Детская площадка;Железняка Матроса бульв. 9, 9А
911912173;Коптево;Детская площадка;Железняка Матроса бульв. 9, 9А
911912175;Коптево;Детская площадка;Волкова Космонавта ул. 29 к.1, 31 к.1
911912179;Коптево;Детская площадка;Волкова Космонавта ул. 29 к.1, 31 к.1
1017112810;Коптево;Спортивная площадка;Волкова Космонавта ул. 29 к.1, 31 к.1
1159736816;Коптево;Детская площадка;Волкова Космонавта ул. 29 к.1, 31 к.1
1046164838;Коптево;Спортивная площадка;Михалковская ул. 1/51
1087678760;Коптево;Детская площадка;Новомихалковский 4-й пр. 12, 12А
922056909;Коптево;Детская площадка;"Коптевская ул. 81/2; Старокоптевский пер. 2"
939769448;Коптево;Спортивная площадка;Академическая Б. ул. 27, 29
882893385;Коптево;Детская площадка;Академическая Б. ул. 83
882893381;Коптево;Детская площадка;Приорова ул. 4, 6
966057190;Коптево;Детская площадка;Академическая Б. ул. 9 к.1
989771402;Коптево;Детская площадка;Академическая Б. ул. 9 к.1
911762949;Коптево;Детская площадка;Лихоборские Бугры ул. 11
911762953;Коптево;Детская площадка;Академическая Б. ул. 67
913100117;Коптево;Детская площадка;Михалковский 3-й пер. 24
913100121;Коптево;Детская площадка;Михалковский 3-й пер. 24
913100141;Коптево;Детская площадка;Академическая Б. ул. 37, 37 к.2, 39 к.3
1176025312;Коптево;Детская площадка;Академическая Б. ул. 37, 37 к.2, 39 к.3
992687568;Коптево;Детская площадка;Академическая Б. ул. 37, 37 к.2, 39 к.3
992687600;Коптево;Детская площадка;Михалковская ул. 16/1
1190592495;Коптево;Детская площадка;Академическая Б. ул. 73 к.1, 73 к.2
1190592517;Коптево;Детская площадка;Академическая Б. ул. 73 к.1, 73 к.2
973976905;Коптево;Детская площадка;Коптевский бульв. 11А, 15А
1137810175;Коптево;Детская площадка;Коптевский бульв. 11А, 15А
974009235;Коптево;Спортивная площадка;Рычагова Генерала ул. 21
914763273;Коптево;Детская площадка;Академическая Б. ул. 15 к.1
1148067698;Коптево;Спортивная площадка;Лихоборские Бугры ул. 4 к.1
1266667027;Коптево;Детская площадка;Старокоптевский пер. 8А
1266667029;Коптево;Спортивная площадка;Соболевский пр. 20Б
1123241474;Коптево;Детская площадка;Академическая Б. ул. 20Б, 22Б
1123241487;Коптево;Детская площадка;Академическая Б. ул. 20Б, 22Б
1123241505;Коптево;Детская площадка;"Волкова Космонавта ул. 33; Приорова ул. 1, 3, 5"
1123241511;Коптево;Детская площадка;"Волкова Космонавта ул. 33; Приорова ул. 1, 3, 5"
1285395888;Коптево;Спортивная площадка;"Волкова Космонавта ул. 33; Приорова ул. 1, 3, 5"
913137557;Коптево;Детская площадка;"Волкова Космонавта ул. 33; Приорова ул. 1, 3, 5"
879917014;Коптево;Спортивная площадка;"Волкова Космонавта ул. 33; Приорова ул. 1, 3, 5"
1192998621;Коптево;Детская площадка;Новопетровская ул. 3
911939275;Коптево;Спортивная площадка;"Академическая Б. ул. 4; Волкова Космонавта ул. 25/2, 27, 29"
964958129;Коптево;Спортивная площадка;"Академическая Б. ул. 10/13, 8 к.1, 8 к.2; Приорова ул. 11"
1287394102;Коптево;Спортивная площадка;"Академическая Б. ул. 15 к.5; Зои и Александра Космодемьянских ул. 36А, 36Б"
1287394118;Коптево;Детская площадка;Рычагова Генерала ул. 11, 9
1287394134;Коптево;Спортивная площадка;Академическая Б. ул. 22, 24А, 24 к.1, 24 к.2
939782312;Коптево;Детская площадка;Академическая Б. ул. 22, 24А, 24 к.1, 24 к.2
939782318;Коптево;Детская площадка;Академическая Б. ул. 22, 24А, 24 к.1, 24 к.2
939782320;Коптево;Детская площадка;Академическая Б. ул. 79 к.3, 79 к.4
960093036;Коптево;Детская площадка;Академическая Б. ул. 79 к.3, 79 к.4
886253546;Коптево;Детская площадка;Академическая Б. ул. 79 к.3, 79 к.4
1288926930;Коптево;Детская площадка;Черепановых пр. 48, 50, 50А, 52, 52А
986910944;Коптево;Детская площадка;Новоподмосковный 8-й пер. 3, 5А
1087678746;Коптево;Детская площадка;Новоподмосковный 8-й пер. 3, 5А
1017112816;Коптево;Детская площадка;Лихоборские Бугры ул. 5
1017112818;Коптево;Детская площадка;Академическая Б. ул. 27, 29
864164736;Коптево;Детская площадка;Михалковская ул. 1/51
1289906406;Коптево;Детская площадка;Михалковская ул. 1/51
1289959512;Коптево;Детская площадка;Железняка Матроса бульв. 12А, 14 к.1, 14 к.2, 16
965620196;Коптево;Детская площадка;Железняка Матроса бульв. 12А, 14 к.1, 14 к.2, 16
922097154;Коптево;Детская площадка;Коптевский бульв. 15, 17
1289978340;Коптево;Детская площадка;Академическая Б. ул. 63
1289978348;Коптево;Детская площадка;Михалковский 3-й пер. 20 к.1, 20 к.2, 20 к.3
1142328903;Коптево;Спортивная площадка;Михалковский 3-й пер. 20 к.1, 20 к.2, 20 к.3
1142328907;Коптево;Детская площадка;Михалковский 3-й пер. 20 к.1, 20 к.2, 20 к.3
962762902;Коптево;Спортивная площадка;Черепановых пр. 44, 46А, 46Б
1290865510;Коптево;Детская площадка;Черепановых пр. 44, 46А, 46Б
1150132749;Коптево;Детская площадка;Новомихалковский 3-й пр. 4, 6
1290884516;Коптево;Детская площадка;Новопетровская ул. 1 к.4
913149546;Коптево;Детская площадка;"Новомихалковский 3-й пр. 1; Новомихалковский 4-й пр. 3"
992646685;Коптево;Спортивная площадка;"Новомихалковский 3-й пр. 1; Новомихалковский 4-й пр. 3"
911823500;Коптево;Детская площадка;Михалковская ул. 15
850827198;Коптево;Детская площадка;Академическая Б. ул. 71
1192998629;Коптево;Детская площадка;Соболевский пр. 20А
1193418343;Коптево;Детская площадка;Академическая Б. ул. 39А
1193418337;Коптево;Детская площадка;"Академическая Б. ул. 10/13, 8 к.1, 8 к.2; Приорова ул. 11"
1191697812;Коптево;Детская площадка;Коптевская ул. 18А к.1, 18А к.2, 18А к.3, 18Б, 18 к.2
1191697798;Коптево;Детская площадка;Коптевская ул. 18А к.1, 18А к.2, 18А к.3, 18Б, 18 к.2
1191697824;Коптево;Детская площадка;"Новомихалковский 3-й пр. 15 к.1, 17, 17А; Рычагова Генерала ул. 3 к.1, 3 к.2"
1193052176;Коптево;Детская площадка;"Новомихалковский 3-й пр. 15 к.1, 17, 17А; Рычагова Генерала ул. 3 к.1, 3 к.2"
1193052180;Коптево;Детская площадка;"Новомихалковский 3-й пр. 15 к.1, 17, 17А; Рычагова Генерала ул. 3 к.1, 3 к.2"
1118897451;Коптево;Спортивная площадка;Академическая Б. ул. 75 к.1, 75 к.2
1118897455;Коптево;Детская площадка;Академическая Б. ул. 75 к.1, 75 к.2
973802524;Коптево;Спортивная площадка;Академическая Б. ул. 73 к.3
1118897467;Коптево;Детская площадка;Академическая Б. ул. 73 к.3
966803302;Коптево;Спортивная площадка;Академическая Б. ул. 73 к.3
913518167;Коптево;Детская площадка;Академическая Б. ул. 73 к.3
1148067678;Коптево;Детская площадка;"Новомихалковский 4-й пр. 7, 7А; Рычагова Генерала ул. 28/9"
937858188;Коптево;Детская площадка;Академическая Б. ул. 39Б, 39В
944293762;Коптево;Детская площадка;Соболевский пр. 20Б
944293768;Коптево;Детская площадка;Академическая Б. ул. 35
944293756;Коптево;Спортивная площадка;Железняка Матроса бульв. 13, 13А
920950586;Коптево;Спортивная площадка;Железняка Матроса бульв. 13, 13А
920950584;Коптево;Детская площадка;Железняка Матроса бульв. 13, 13А
920950590;Коптево;Спортивная площадка;"Лихоборские Бугры ул. 14; Черепановых пр. 64 к.1, 64 к.2"
879917012;Коптево;Спортивная площадка;"Лихоборские Бугры ул. 14; Черепановых пр. 64 к.1, 64 к.2"
857906685;Коптево;Детская площадка;"Лихоборские Бугры ул. 14; Черепановых пр. 64 к.1, 64 к.2"
857906689;Коптево;Детская площадка;"Академическая Б. ул. 4; Волкова Космонавта ул. 25/2, 27, 29"
922066097;Коптево;Детская площадка;"Коптевская ул. 75, 77, 79/1; Старокоптевский пер. 3"
913582940;Коптево;Спортивная площадка;"Коптевская ул. 75, 77, 79/1; Старокоптевский пер. 3"
1194251957;Коптево;Детская площадка;Приорова ул. 28А
1305492004;Коптево;Детская площадка;Михалковская ул. 13, 13 к.1
872400279;Коптево;Спортивная площадка;"Новомихалковский 1-й пр. 10, 12, 14; Новомихалковский 3-й пр. 11"
872400301;Коптево;Детская площадка;Михалковская ул. 28
1151917395;Коптево;Детская площадка;"Академическая Б. ул. 57А; Новомихалковский 3-й пр. 3; Новомихалковский 4-й пр. 1А"
911939283;Коптево;Детская площадка;"Академическая Б. ул. 57А; Новомихалковский 3-й пр. 3; Новомихалковский 4-й пр. 1А"
913520742;Коптево;Детская площадка;Михалковская ул. 20
913520726;Коптево;Детская площадка;"Академическая Б. ул. 15 к.5; Зои и Александра Космодемьянских ул. 36А, 36Б"
913520740;Коптево;Спортивная площадка;Зои и Александра Космодемьянских ул. 35/1
994045717;Коптево;Детская площадка;Зои и Александра Космодемьянских ул. 35/1
913142267;Коптево;Спортивная площадка;Зои и Александра Космодемьянских ул. 35/1
1282339846;Коптево;Детская площадка;Михалковский 3-й пер. 4А, 6
1282339856;Коптево;Детская площадка;"Железняка Матроса бульв. 15/9; Коптевский бульв. 11"
913568437;Коптево;Детская площадка;"Железняка Матроса бульв. 17/14; Коптевский бульв. 16 к.1, 16 к.2, 16 к.3, 18"
1041351704;Коптево;Спортивная площадка;"Железняка Матроса бульв. 17/14; Коптевский бульв. 16 к.1, 16 к.2, 16 к.3, 18"
1164152348;Коптево;Детская площадка;"Коптевская ул. 28 к.1, 28 к.2, 28 к.3; Михалковский 3-й пер. 21"
1097615650;Коптево;Детская площадка;Коптевская ул. 20 к.2
1097615654;Коптево;Детская площадка;Михалковская ул. 6, 8
1324759235;Коптево;Спортивная площадка;Черепановых пр. 56, 56 к.1
1324759237;Коптево;Детская площадка;Черепановых пр. 56, 56 к.1
1324759239;Коптево;Детская площадка;проезд Черепановых дом 10
1324759241;Коптево;Детская площадка;проезд Черепановых дом 10
1324759293;Коптево;Детская площадка;проезд Черепановых дом 10
913336645;Коптево;Спортивная площадка;проезд Черепановых дом 10
1192676292;Коптево;Спортивная площадка;проезд Черепановых дом 10
1192676298;Коптево;Детская площадка;Академическая Б. ул. 18Б, 18 к.2, 20А, 20А стр.8
1052746066;Коптево;Детская площадка;Коптевская ул. 20 к.1
1052746070;Коптево;Детская площадка;Коптевская ул. 20 к.1
850207493;Коптево;Спортивная площадка;Железняка Матроса бульв. 11А
1017237254;Коптево;Детская площадка;Железняка Матроса бульв. 11А
911833164;Коптево;Детская площадка;Михалковский 3-й пер. 5, 7
911833178;Коптево;Детская площадка;Коптевская ул. 18
912986170;Коптево;Детская площадка;Новопетровская ул. 16А
883108977;Коптево;Спортивная площадка;Новопетровская ул. 16А
1192672408;Коптево;Детская площадка;Академическая Б. ул. 6 к.1, 6 к.2
1192672414;Коптево;Детская площадка;Зои и Александра Космодемьянских ул. 36
1143651705;Коптево;Детская площадка;Новомихалковский 4-й пр. 10, 10А, 8, 8А
888022809;Коптево;Детская площадка;Новомихалковский 4-й пр. 10, 10А, 8, 8А
921601169;Коптево;Детская площадка;"Академическая Б. ул. 9/20; Приорова ул. 22"
921601165;Коптево;Детская площадка;Михалковский 3-й пер. 15, 15 к.1, 15 к.2
1192634473;Коптево;Детская площадка;"Академическая Б. ул. 35А, 35Б, 35В; Коптевский бульв. 4, 6"
1017061352;Коптево;Детская площадка;"Академическая Б. ул. 35А, 35Б, 35В; Коптевский бульв. 4, 6"
850184374;Коптево;Детская площадка;Михалковская ул. 12
1016993743;Коптево;Детская площадка;"Железняка Матроса бульв. 27, 29; Михалковский 3-й пер. 14 к.1, 14 к.2"
1258378830;Коптево;Детская площадка;Коптевская ул. 30, 32
1258378832;Коптево;Детская площадка;Академическая Б. ул. 47 к.2
1258378834;Коптево;Детская площадка;Приорова ул. 2, 2А
1266669274;Коптево;Детская площадка;Приорова ул. 2, 2А
1267116320;Коптево;Детская площадка;Приорова ул. 2, 2А
1269327388;Коптево;Детская площадка;"Академическая Б. ул. 53, 53А; Новомихалковский 1-й пр. 2; Новомихалковский 3-й пр. 7, 7А"
1269327396;Коптево;Детская площадка;Железняка Матроса бульв. 30 к.1, 30 к.2, 34
1143616720;Коптево;Детская площадка;Черепановых пр. 54А
963152737;Коптево;Спортивная площадка;Черепановых пр. 54А
872960702;Коптево;Детская площадка;"Железняка Матроса бульв. 28; Михалковский 3-й пер. 8 к.1, 8 к.2"
957297189;Коптево;Детская площадка;"Новомихалковский 4-й пр. 15; Черепановых пр. 58"
956752560;Коптево;Детская площадка;"Железняка Матроса бульв. 36; Михалковская ул. 5"
1141184194;Коптево;Детская площадка;Черепановых пр. 40А, 40А стр.1
913415312;Коптево;Детская площадка;Железняка Матроса бульв. 33 к.1
1324111763;Коптево;Детская площадка;Железняка Матроса бульв. 22 к.1
1324111769;Коптево;Детская площадка;Зои и Александра Космодемьянских ул. 37/2, 39
1325376786;Коптево;Детская площадка;Михалковская улица дом 10
1325377032;Коптево;Спортивная площадка;Михалковская улица дом 10
989428950;Коптево;Спортивная площадка;3-й Михалковский переулок дом 17
983602041;Коптево;Детская площадка;3-й Михалковский переулок дом 17
1026688075;Левобережный;Детская площадка;Фестивальная ул. 7
1026688083;Левобережный;Детская площадка;Смольная ул. 71
1035120970;Левобережный;Детская площадка;Прибрежный пр. 4
1035120972;Левобережный;Спортивная площадка;Прибрежный пр. 4
989692193;Левобережный;Детская площадка;Фестивальная ул. 3
1026543981;Левобережный;Детская площадка;Фестивальная ул. 3
1026543986;Левобережный;Детская площадка;Беломорская ул. 10 к.2
1019072042;Левобережный;Детская площадка;Прибрежный пр. 1
1019072044;Левобережный;Спортивная площадка;Прибрежный пр. 1
1019072050;Левобережный;Детская площадка;Ленинградское шоссе 132
989896816;Левобережный;Детская площадка;Ленинградское шоссе 132
1186047037;Левобережный;Детская площадка;Ленинградское шоссе 132
1190480102;Левобережный;Детская площадка;Беломорская ул. 7 к.1
1193337906;Левобережный;Детская площадка;Беломорская ул. 7 к.3
1193337912;Левобережный;Детская площадка;Фестивальная ул. 39 к.1
1022802978;Левобережный;Детская площадка;Смольная ул. 67 к.3
1022802980;Левобережный;Детская площадка;Смольная ул. 67 к.3
989715247;Левобережный;Детская площадка;Беломорская ул. 5 к.3
989715249;Левобережный;Детская площадка;Беломорская ул. 5 к.3
990326495;Левобережный;Спортивная площадка;Ленинградское шоссе 96 к.1
1024862464;Левобережный;Детская площадка;Ленинградское шоссе 96 к.1
1019083117;Левобережный;Детская площадка;Ленинградское шоссе 96 к.2
1019083121;Левобережный;Детская площадка;Ленинградское шоссе 98 к.2
1024736530;Левобережный;Детская площадка;Ленинградское шоссе 118 к.1
1024736536;Левобережный;Детская площадка;Ленинградское шоссе 118 к.1
1024736539;Левобережный;Детская площадка;Ленинградское шоссе 128 к.2
1024736546;Левобережный;Детская площадка;Ленинградское шоссе 128 к.2
1024832049;Левобережный;Детская площадка;Ленинградское шоссе 128 к.2
1024832059;Левобережный;Детская площадка;Ленинградское шоссе 128 к.2
1145376859;Левобережный;Детская площадка;Валдайский пр. 10 к.1
1019082600;Левобережный;Спортивная площадка;Валдайский пр. 10 к.1
1089662407;Левобережный;Детская площадка;Беломорская ул. 14 к.1
967124659;Левобережный;Детская площадка;Ленинградское шоссе 120 к.3
989700018;Левобережный;Детская площадка;Ленинградское шоссе 98 к.5
1019088355;Левобережный;Детская площадка;Ленинградское шоссе 100
1189692330;Левобережный;Детская площадка;Ленинградское шоссе 102
1189692336;Левобережный;Детская площадка;Ленинградское шоссе 112 к.2
1192676058;Левобережный;Детская площадка;Валдайский пр. 9А к.1
1023836215;Левобережный;Спортивная площадка;Валдайский пр. 9А к.1
1019431562;Левобережный;Детская площадка;Ленинградское шоссе 108 к.3
1019398878;Левобережный;Детская площадка;Смольная ул. 51 к.3
999425495;Левобережный;Спортивная площадка;Смольная ул. 51 к.1
1017744587;Левобережный;Спортивная площадка;Смольная ул. 51 к.2
1017744589;Левобережный;Детская площадка;Беломорская ул. 18А к.1
1017744591;Левобережный;Спортивная площадка;Беломорская ул. 22
1136642643;Левобережный;Спортивная площадка;Беломорская ул. 22
1136642652;Левобережный;Детская площадка;Беломорская ул. 22
1136642661;Левобережный;Спортивная площадка;Беломорская ул. 11 к.1
1136642684;Левобережный;Спортивная площадка;Беломорская ул. 11 к.1
1189384283;Левобережный;Спортивная площадка;Беломорская ул. 11 к.1
1136937994;Левобережный;Спортивная площадка;Беломорская ул. 11 к.1
1189889291;Левобережный;Детская площадка;Смольная ул. 57 к.1
1189889297;Левобережный;Детская площадка;Фестивальная ул. 11
1193342299;Левобережный;Детская площадка;Беломорская ул. 5 к.1
1141521979;Левобережный;Детская площадка;Беломорская ул. 5 к.1
1137365574;Левобережный;Детская площадка;Смольная ул. 65
1137365576;Левобережный;Детская площадка;Беломорская ул. 20 к.3
1137365578;Левобережный;Спортивная площадка;Ленинградское шоссе 124 к.3
1137339533;Левобережный;Спортивная площадка;Ленинградское шоссе 124 к.3
1193963615;Левобережный;Спортивная площадка;Ленинградское шоссе 124 к.3
1193963626;Левобережный;Детская площадка;Ленинградское шоссе 96 к.3
1136712290;Левобережный;Детская площадка;Ленинградское шоссе 92/1
1193968125;Левобережный;Детская площадка;Ленинградское шоссе 92/1
1185469509;Левобережный;Детская площадка;Ленинградское шоссе 96 к.4
1185469511;Левобережный;Детская площадка;Ленинградское шоссе 98 к.1
1185469513;Левобережный;Спортивная площадка;Беломорская ул. 13 к.1
1185469559;Левобережный;Детская площадка;Беломорская ул. 13 к.1
1189011120;Левобережный;Спортивная площадка;Беломорская ул. 13 к.1
1192614026;Левобережный;Спортивная площадка;Беломорская ул. 13 к.1
1145310253;Левобережный;Детская площадка;Ленинградское шоссе 108 к.2
1145310267;Левобережный;Спортивная площадка;Валдайский пр. 13А к.1
1144020687;Левобережный;Детская площадка;Фестивальная ул. 41 к.4
1189745523;Левобережный;Детская площадка;Фестивальная ул. 41 к.4
1189745525;Левобережный;Детская площадка;Беломорская ул. 18А к.2
1189745537;Левобережный;Детская площадка;Ленинградское шоссе 108
1017429460;Левобережный;Спортивная площадка;Ленинградское шоссе 108
1136642630;Левобережный;Детская площадка;Ленинградское шоссе 108
1192614024;Левобережный;Детская площадка;Беломорская ул. 16
1019398874;Левобережный;Спортивная площадка;Беломорская ул. 11 к.1
1136642658;Левобережный;Спортивная площадка;Валдайский пр. 13А к.1
1136642639;Левобережный;Спортивная площадка;Смольная ул. 51 к.2
1136642664;Левобережный;Детская площадка;Беломорская ул. 11 к.1
1136642655;Левобережный;Детская площадка;Беломорская ул. 11 к.1
1192614036;Левобережный;Детская площадка;Беломорская ул. 11 к.1
1192614020;Левобережный;Детская площадка;Беломорская ул. 11 к.1
1019398876;Левобережный;Детская площадка;Валдайский пр. 13А к.1
1026037401;Левобережный;Детская площадка;Валдайский пр. 13А к.1
988058915;Левобережный;Детская площадка;Смольная ул. 51 к.2
988058911;Левобережный;Детская площадка;Прибрежный пр. 8
988058918;Левобережный;Спортивная площадка;Прибрежный пр. 5
988058926;Левобережный;Детская площадка;Прибрежный пр. 5
1189706866;Левобережный;Спортивная площадка;Прибрежный пр. 5
1017762114;Левобережный;Детская площадка;Прибрежный пр. 5
1019095871;Левобережный;Детская площадка;Ленинградское шоссе 130 к.1
1019095873;Левобережный;Детская площадка;Беломорская ул. 8 к.1
1019095875;Левобережный;Детская площадка;Ленинградское шоссе 108 к.1
1019095859;Левобережный;Детская площадка;Ленинградское шоссе 108 к.1
1019095869;Левобережный;Спортивная площадка;Ленинградское шоссе 108 к.1
1143602188;Левобережный;Спортивная площадка;Ленинградское шоссе 108 к.1
1143602186;Левобережный;Детская площадка;Ленинградское шоссе 108 к.1
1143602178;Левобережный;Спортивная площадка;Смольная ул. 61 к.1
1143602174;Левобережный;Спортивная площадка;Смольная ул. 61 к.1
1143602176;Левобережный;Детская площадка;Смольная ул. 61 к.1
1143602184;Левобережный;Детская площадка;Смольная ул. 61 к.1
1315429124;Левобережный;Спортивная площадка;Смольная ул. 61 к.1
1194057823;Левобережный;Спортивная площадка;Смольная ул. 61 к.1
1194057821;Левобережный;Детская площадка;Смольная ул. 61 к.1
1194057831;Левобережный;Спортивная площадка;Беломорская ул. 10 к.3
1194057825;Левобережный;Спортивная площадка;Беломорская ул. 10 к.3
1030576536;Левобережный;Спортивная площадка;Беломорская ул. 10 к.3
1030576538;Левобережный;Спортивная площадка;Беломорская ул. 10 к.3
1030576526;Левобережный;Детская площадка;Смольная ул. 49
1030576528;Левобережный;Детская площадка;Смольная ул. 49
1030576530;Левобережный;Детская площадка;Смольная ул. 49
1030576524;Левобережный;Детская площадка;Смольная ул. 49
1030576534;Левобережный;Детская площадка;Смольная ул. 49
1027558704;Левобережный;Детская площадка;Смольная ул. 49
1027558708;Левобережный;Спортивная площадка;Смольная ул. 49
1027558706;Левобережный;Детская площадка;Смольная ул. 41, 43, 45
1091128652;Левобережный;Спортивная площадка;Смольная ул. 41, 43, 45
1091128662;Левобережный;Спортивная площадка;Смольная ул. 41, 43, 45
1200924190;Левобережный;Детская площадка;Валдайский пр. 17А к.1
1200924202;Левобережный;Спортивная площадка;Валдайский пр. 17А к.1
1200924188;Левобережный;Детская площадка;Ленинградское шоссе 112 к.4
1200924184;Левобережный;Детская площадка;Ленинградское шоссе 112 к.4
988341920;Левобережный;Спортивная площадка;Ленинградское шоссе 112 к.4
1022893336;Левобережный;Детская площадка;Ленинградское шоссе 112 к.4
988244190;Левобережный;Детская площадка;Беломорская ул. 18 к.4
985972824;Левобережный;Детская площадка;Фестивальная ул. 9
985972826;Левобережный;Детская площадка;Смольная ул. 63
1193766811;Левобережный;Детская площадка;Фестивальная ул. 5
1019084238;Левобережный;Спортивная площадка;Фестивальная ул. 5
1140337054;Левобережный;Детская площадка;Прибрежный пр. 7
1140337058;Левобережный;Детская площадка;Ленинградское шоссе 114
1017740693;Левобережный;Спортивная площадка;Ленинградское шоссе 98 к.6
1187770492;Левобережный;Детская площадка;Ленинградское шоссе 98 к.6
997512383;Левобережный;Детская площадка;Беломорская ул. 24 к.3
997512385;Левобережный;Детская площадка;Ленинградское шоссе 130 к.2
1193354546;Левобережный;Детская площадка;Фестивальная ул. 41 к.1
1193354548;Левобережный;Детская площадка;Фестивальная ул. 41 к.1
1189717202;Левобережный;Детская площадка;Фестивальная ул. 13 к.2
1189717207;Левобережный;Спортивная площадка;Фестивальная ул. 13 к.2
1189717214;Левобережный;Детская площадка;Фестивальная ул. 41 к.2
1189154038;Левобережный;Спортивная площадка;Фестивальная ул. 41 к.2
1189154042;Левобережный;Детская площадка;Фестивальная ул. 41 к.2
1027555070;Левобережный;Спортивная площадка;Ленинградское шоссе 112 к.3
1027555076;Левобережный;Спортивная площадка;Ленинградское шоссе 112 к.3
987209858;Левобережный;Детская площадка;Фестивальная ул. 4
1041177788;Левобережный;Спортивная площадка;Фестивальная ул. 4
1041177790;Левобережный;Детская площадка;Беломорская ул. 8
1041177792;Молжаниновский;Детская площадка;Синявинская ул. 11 к.10, 11 к.4
1041177834;Молжаниновский;Детская площадка;Синявинская ул. 11 к.10, 11 к.4
1041177852;Молжаниновский;Спортивная площадка;Синявинская ул. 11 к.10, 11 к.4
1144281644;Молжаниновский;Детская площадка;Синявинская ул. 11 к.10, 11 к.4
1000129781;Молжаниновский;Спортивная площадка;Синявинская ул. 11 к.10, 11 к.4
1000129783;Молжаниновский;Спортивная площадка;Синявинская ул. 11 к.1, 11 к.2
1000129785;Молжаниновский;Спортивная площадка;Синявинская ул. 11 к.3
1000129787;Молжаниновский;Спортивная площадка;Синявинская ул. 11 к.3
1000129795;Молжаниновский;Детская площадка;Синявинская ул. 11 к.3
1000129809;Молжаниновский;Спортивная площадка;Синявинская ул. 11 к.3
1046352157;Молжаниновский;Детская площадка;Синявинская ул. 11 к.3
1046352159;Молжаниновский;Спортивная площадка;Синявинская ул. 11 к.3
1046352161;Молжаниновский;Детская площадка;Синявинская ул. 11 к.5
1046352165;Молжаниновский;Спортивная площадка;Синявинская ул. 11 к.5
898915793;Молжаниновский;Спортивная площадка;Синявинская ул. 11 к.5
898915795;Молжаниновский;Детская площадка;Синявинская ул. 11 к.5
898915797;Молжаниновский;Детская площадка;Синявинская ул. 11 к.6, 11 к.7, 11 к.8, 11 к.9
898915839;Молжаниновский;Спортивная площадка;Синявинская ул. 11 к.6, 11 к.7, 11 к.8, 11 к.9
898915841;Молжаниновский;Спортивная площадка;Синявинская ул. 11 к.6, 11 к.7, 11 к.8, 11 к.9
1195936699;Молжаниновский;Спортивная площадка;Синявинская ул. 11 к.6, 11 к.7, 11 к.8, 11 к.9
892715838;Молжаниновский;Спортивная площадка;Синявинская ул. 11 к.6, 11 к.7, 11 к.8, 11 к.9
892715852;Молжаниновский;Детская площадка;Синявинская ул. 11 к.11, 11 к.12, 11 к.13
892715860;Молжаниновский;Детская площадка;Синявинская ул. 11 к.15, 11 к.16
1144281652;Молжаниновский;Детская площадка;Синявинская ул. 11 к.15, 11 к.16
1144281646;Молжаниновский;Спортивная площадка;Синявинская ул. 11 к.15, 11 к.16
902793819;Молжаниновский;Детская площадка;Синявинская ул. 11 к.1, 11 к.2
1136785511;Молжаниновский;Детская площадка;Синявинская ул. 11 к.1, 11 к.2
982766989;Молжаниновский;Детская площадка;Лужская ул. 1
982766995;Савеловский;Детская площадка;Башиловская ул. 23 к.1
986004325;Савеловский;Детская площадка;Хуторская 1-я ул. 2 к.1, 2 к.2, 2 к.3
986004329;Савеловский;Спортивная площадка;Хуторская 1-я ул. 2 к.1, 2 к.2, 2 к.3
1136856114;Савеловский;Детская площадка;Хуторская 2-я ул. 18 к.1, 18 к.2, 20
964394229;Савеловский;Детская площадка;Хуторская 2-я ул. 18 к.1, 18 к.2, 20
1157920445;Савеловский;Детская площадка;Башиловская ул. 26, 28
1026648607;Савеловский;Детская площадка;Квесисская 2-я ул. 15
952736233;Савеловский;Детская площадка;Башиловская ул. 11
1127566326;Савеловский;Детская площадка;"Квесисская 2-я ул. 24 к.1; Полтавская ул. 33"
1022772058;Савеловский;Детская площадка;Хуторская 2-я ул. 22
931722289;Савеловский;Детская площадка;Башиловская ул. 14 к.1, 14 к.2
1026650731;Савеловский;Детская площадка;Бебеля 2-я ул. 38 к.1, 38 к.2, 38 к.3
1129373956;Савеловский;Детская площадка;Хуторская 1-я ул. 10 к.2, 10 к.3, 14
1129373960;Савеловский;Детская площадка;"Бебеля 2-я ул. 26; Квесисская 2-я ул. 24 к.2"
1129373962;Савеловский;Детская площадка;"Вятская ул. 1, 3; Масловка Нижн. ул. 6 к.1, 6 к.2"
1129373966;Савеловский;Спортивная площадка;"Вятская ул. 1, 3; Масловка Нижн. ул. 6 к.1, 6 к.2"
1129373968;Савеловский;Детская площадка;"Вятская ул. 1, 3; Масловка Нижн. ул. 6 к.1, 6 к.2"
1129373970;Савеловский;Детская площадка;"Вятская ул. 1, 3; Масловка Нижн. ул. 6 к.1, 6 к.2"
1129373976;Савеловский;Детская площадка;"Вятская ул. 1, 3; Масловка Нижн. ул. 6 к.1, 6 к.2"
1129373984;Савеловский;Детская площадка;"Вятская ул. 1, 3; Масловка Нижн. ул. 6 к.1, 6 к.2"
1042318374;Савеловский;Детская площадка;"Вятская ул. 1, 3; Масловка Нижн. ул. 6 к.1, 6 к.2"
982846011;Савеловский;Детская площадка;"Вятская ул. 1, 3; Масловка Нижн. ул. 6 к.1, 6 к.2"
988817734;Савеловский;Детская площадка;Юннатов ул. 6 к.1, 6 к.2
988817736;Савеловский;Спортивная площадка;Вятский 4-й пер. 27
988817742;Савеловский;Детская площадка;"Квесисская 2-я ул. 23; Полтавская ул. 4"
1019118663;Савеловский;Спортивная площадка;"Квесисская 2-я ул. 23; Полтавская ул. 4"
1019118667;Савеловский;Детская площадка;"Квесисская 2-я ул. 23; Полтавская ул. 4"
988387367;Савеловский;Детская площадка;"Бутырская ул. 7, 9 к.1; Вятская ул. 16"
982116226;Савеловский;Детская площадка;"Бутырская ул. 7, 9 к.1; Вятская ул. 16"
982116228;Савеловский;Спортивная площадка;Петровско-Разумовский пр. 24 к.17, 24 к.18, 24 к.19
982116230;Савеловский;Спортивная площадка;Вятский 4-й пер. 16 к.1, 16 к.2
982116232;Савеловский;Детская площадка;Вятский 4-й пер. 16 к.1, 16 к.2
1136754086;Савеловский;Детская площадка;Вятский 4-й пер. 16 к.1, 16 к.2
982833834;Савеловский;Спортивная площадка;Вятский 4-й пер. 16 к.1, 16 к.2
982833838;Савеловский;Детская площадка;Масловка Верхн. ул. 28
982833842;Савеловский;Спортивная площадка;Петровско-Разумовский Стар. пр. 5-13
972107564;Савеловский;Детская площадка;Петровско-Разумовский Стар. пр. 5-13
999676270;Савеловский;Детская площадка;Петровско-Разумовский Стар. пр. 5-13
990189431;Савеловский;Детская площадка;Полтавская ул. 47 к.1, 47 к.2
982103461;Савеловский;Детская площадка;Мишина ул. 26
982103463;Савеловский;Детская площадка;Писцовая ул. 16 к.6
982103465;Савеловский;Детская площадка;Хуторской 2-й пер. 4/13
982103467;Савеловский;Детская площадка;Хуторской 2-й пер. 4/13
1197908068;Савеловский;Спортивная площадка;Хуторской 2-й пер. 4/13
1082209941;Савеловский;Детская площадка;Хуторской 2-й пер. 4/13
1026613608;Савеловский;Детская площадка;"Вятская ул. 51; Хуторской 1-й пер. 4"
1026613610;Савеловский;Детская площадка;Петровско-Разумовский пр. 24 к.15
1026613612;Савеловский;Детская площадка;Масловка Верхн. ул. 4, 6
1136940861;Савеловский;Детская площадка;Масловка Верхн. ул. 4, 6
1020345060;Савеловский;Детская площадка;Масловка Верхн. ул. 4, 6
1139419017;Савеловский;Детская площадка;Петровско-Разумовский пр. 24 к.4, 24 к.5
1194834042;Савеловский;Детская площадка;Полтавская ул. 35
1194834044;Савеловский;Детская площадка;Бутырская ул. 97
1194834050;Савеловский;Детская площадка;"Вятский 4-й пер. 24 к.3; Петровско-Разумовский пр. 22 к.11, 22 к.8"
982864544;Савеловский;Детская площадка;"Вятский 4-й пер. 24 к.3; Петровско-Разумовский пр. 22 к.11, 22 к.8"
1194844700;Савеловский;Детская площадка;"Вятский 4-й пер. 24 к.3; Петровско-Разумовский пр. 22 к.11, 22 к.8"
1136864149;Савеловский;Детская площадка;Полтавская ул. 16 к.1, 16 к.2
1189534877;Савеловский;Детская площадка;Хуторская 1-я ул. 16/26 к.4, 16/26 к.5, 16/26 к.6
1189534879;Савеловский;Детская площадка;"Башиловская ул. 21; Вятский 4-й пер. 14"
1136833099;Савеловский;Спортивная площадка;"Вятский 4-й пер. 23; Полтавская ул. 18"
1139459462;Савеловский;Детская площадка;"Вятский 4-й пер. 23; Полтавская ул. 18"
1139459468;Савеловский;Детская площадка;Бутырская ул. 89 к.2, 93, 95
1199010182;Савеловский;Детская площадка;Хуторская 1-я ул. 16/26 к.1, 16/26 к.2, 16/26 к.3
1159582396;Савеловский;Детская площадка;Хуторская 1-я ул. 16/26 к.1, 16/26 к.2, 16/26 к.3
986705271;Савеловский;Детская площадка;Башиловская ул. 10
1194949901;Савеловский;Детская площадка;"Башиловская ул. 9; Бебеля 3-я ул. 34"
1194949905;Савеловский;Детская площадка;Петровско-Разумовский пр. 18
1139549215;Савеловский;Спортивная площадка;Башиловская ул. 23 к.2, 23 к.3
1143571725;Савеловский;Детская площадка;Башиловская ул. 23 к.2, 23 к.3
1019384749;Савеловский;Детская площадка;Петровско-Разумовский пр. 12
1019384751;Савеловский;Детская площадка;Бутырская ул. 89, 91
1192135084;Савеловский;Детская площадка;Юннатов ул. 17 к.1, 17 к.2, 17 к.3, 17 к.4
1136567979;Савеловский;Спортивная площадка;Юннатов ул. 17 к.1, 17 к.2, 17 к.3, 17 к.4
1136567981;Савеловский;Детская площадка;Башиловская ул. 3 к.1, 3 к.2
1204422204;Савеловский;Спортивная площадка;Бутырская ул. 3, 5
1204422206;Савеловский;Спортивная площадка;Бутырская ул. 3, 5
1204422212;Савеловский;Спортивная площадка;"Башиловская ул. 29; Хуторская 2-я ул. 27"
1123588976;Савеловский;Детская площадка;"Башиловская ул. 29; Хуторская 2-я ул. 27"
1123588980;Савеловский;Детская площадка;"Башиловская ул. 29; Хуторская 2-я ул. 27"
1123588992;Савеловский;Детская площадка;Вятский 4-й пер. 18 к.2
1189225043;Савеловский;Детская площадка;Вятский 4-й пер. 18 к.2
1279627581;Савеловский;Детская площадка;Вятский 4-й пер. 18 к.2
1139549213;Савеловский;Детская площадка;Бутырская ул. 79
1139549219;Савеловский;Детская площадка;Петровско-Разумовский пр. 10
988387369;Савеловский;Спортивная площадка;Петровско-Разумовский пр. 12
982889189;Савеловский;Спортивная площадка;Петровско-Разумовский пр. 12
1290007648;Савеловский;Детская площадка;Петровско-Разумовский пр. 24 к.17, 24 к.18, 24 к.19
953372756;Савеловский;Детская площадка;Петровско-Разумовский пр. 14
1143632094;Савеловский;Спортивная площадка;Петровско-Разумовский пр. 14
1173538112;Савеловский;Детская площадка;Писцовая ул. 9-11
986003297;Савеловский;Детская площадка;Петровско-Разумовский пр. 9 стр.1
986003295;Савеловский;Детская площадка;Мишина ул. 4
1141107954;Савеловский;Детская площадка;"Петровско-Разумовский Стар. пр. 3; Юннатов ул. 8А"
987085425;Савеловский;Спортивная площадка;"Петровско-Разумовский Стар. пр. 3; Юннатов ул. 8А"
987085427;Савеловский;Детская площадка;Мишина ул. 42
987085429;Савеловский;Детская площадка;Бутырская ул. 65/68
1178583696;Савеловский;Спортивная площадка;Бутырская ул. 65/68
1178583698;Савеловский;Спортивная площадка;Бутырская ул. 65/68
1179305766;Савеловский;Детская площадка;Бутырская ул. 15
1139637342;Савеловский;Спортивная площадка;Бутырская ул. 15
1139637330;Савеловский;Детская площадка;Мирской пер. 16 к.1, 16 к.2
1189727473;Савеловский;Детская площадка;Башиловская ул. 1 к.1, 1 к.2
1189727505;Савеловский;Детская площадка;Башиловская ул. 1 к.1, 1 к.2
986221537;Савеловский;Детская площадка;"Башиловская ул. 15, 17; Писцовая ул. 14"
986221543;Савеловский;Спортивная площадка;"Башиловская ул. 15, 17; Писцовая ул. 14"
986221551;Савеловский;Детская площадка;"Масловка Нижн. ул. 14; Полтавская ул. 2"
986221531;Савеловский;Спортивная площадка;"Масловка Нижн. ул. 14; Полтавская ул. 2"
1204350838;Савеловский;Спортивная площадка;"Масловка Нижн. ул. 14; Полтавская ул. 2"
1204350842;Савеловский;Спортивная площадка;"Масловка Нижн. ул. 14; Полтавская ул. 2"
1281788156;Савеловский;Детская площадка;"Мирской пер. 4, 8 к.1, 8 к.2, 8 к.3; Петровско-Разумовский пр. 17, 17А"
1316431504;Савеловский;Спортивная площадка;"Мирской пер. 4, 8 к.1, 8 к.2, 8 к.3; Петровско-Разумовский пр. 17, 17А"
953505977;Савеловский;Детская площадка;"Башиловская ул. 19; Вятский 4-й пер. 21"
953505979;Савеловский;Детская площадка;Бутырская ул. 17А, 21
990092191;Савеловский;Детская площадка;Петровско-Разумовский пр. 13 к.1, 13 к.2
990092187;Савеловский;Детская площадка;Петровско-Разумовский пр. 13 к.1, 13 к.2
1198535040;Савеловский;Детская площадка;Бебеля 1-я ул. 7, 7А
1198535038;Савеловский;Детская площадка;Бебеля 1-я ул. 7, 7А
1198535044;Савеловский;Спортивная площадка;Петровско-Разумовский пр. 16, 16 к.2
1123451337;Савеловский;Детская площадка;Петровско-Разумовский пр. 16, 16 к.2
1136567977;Савеловский;Спортивная площадка;Петровско-Разумовский пр. 16, 16 к.2
952602467;Савеловский;Детская площадка;Хуторская 1-я ул. 8 к.1, 8 к.2
952602469;Савеловский;Детская площадка;Бутырская ул. 3, 5
952602473;Савеловский;Детская площадка;Петровско-Разумовский пр. 25 к.1, 25 к.2
1136882769;Савеловский;Детская площадка;Петровско-Разумовский пр. 25 к.1, 25 к.2
1136882773;Савеловский;Детская площадка;Петровско-Разумовский пр. 25 к.1, 25 к.2
951388505;Савеловский;Детская площадка;Башиловская ул. 13
1019460630;Савеловский;Детская площадка;Башиловская ул. 13
952266981;Савеловский;Детская площадка;Хуторская 1-я ул. 5, 5А
983112314;Савеловский;Детская площадка;"Писцовая ул. 13А; Полтавская ул. 39-41"
1139381739;Савеловский;Детская площадка;8 Марта улица Аэропорт 6
986003789;Савеловский;Детская площадка;8 Марта улица Аэропорт 2/10 к.1, 2/10 к.2, 2/10 к.3
988216720;Савеловский;Детская площадка;Петровско-Разумовский пр. 24 к.2, 24 к.3
988216724;Савеловский;Детская площадка;Петровско-Разумовский Стар. пр. 6 к.2, 6 к.3
1015336032;Савеловский;Спортивная площадка;Масловка Верхн. ул. 10, 12, 8
1015336034;Савеловский;Детская площадка;Масловка Верхн. ул. 10, 12, 8
1015336036;Савеловский;Детская площадка;"Масловка Нижн. ул. 18, 20; Петровско-Разумовский пр. 2"
1015336042;Савеловский;Детская площадка;"Масловка Нижн. ул. 18, 20; Петровско-Разумовский пр. 2"
1015336046;Савеловский;Детская площадка;"Масловка Нижн. ул. 18, 20; Петровско-Разумовский пр. 2"
1015336050;Савеловский;Детская площадка;"Масловка Нижн. ул. 18, 20; Петровско-Разумовский пр. 2"
1013662931;Савеловский;Детская площадка;"Масловка Нижн. ул. 18, 20; Петровско-Разумовский пр. 2"
944124928;Савеловский;Детская площадка;"Масловка Нижн. ул. 18, 20; Петровско-Разумовский пр. 2"
986004866;Савеловский;Детская площадка;"Масловка Верхн. ул. 2; Петровско-Разумовский пр. 3/1"
1019065533;Савеловский;Детская площадка;Петровско-Разумовский Стар. пр. 6 к.1
957382748;Савеловский;Детская площадка;Юннатов ул. 7
957382750;Савеловский;Детская площадка;Мишина ул. 34 к.1, 34 к.2
1026619835;Савеловский;Детская площадка;Масловка Верхн. ул. 22
1026647493;Савеловский;Детская площадка;Масловка Верхн. ул. 22
956314996;Савеловский;Детская площадка;Мишина ул. 23
988806914;Савеловский;Детская площадка;Масловка Верхн. ул. 28 к.2
1026617869;Савеловский;Детская площадка;Квесисская 2-я ул. 20 к.1
1134409375;Савеловский;Детская площадка;Вятский 4-й пер. 18 к.3, 18 к.4
1136754838;Савеловский;Детская площадка;Писцовая ул. 16 к.2
1117799056;Савеловский;Детская площадка;Петровско-Разумовский пр. 18А
953118486;Савеловский;Детская площадка;Мирской пер. 3, 5
1136826729;Савеловский;Детская площадка;"Вятская ул. 53; Хуторская 2-я ул. 9; Хуторской 1-й пер. 2"
1136826733;Савеловский;Детская площадка;Мишина ул. 39
986000995;Савеловский;Детская площадка;Юннатов ул. 15 к.1, 15 к.2
1142416908;Савеловский;Спортивная площадка;Юннатов ул. 15 к.1, 15 к.2
1189285171;Савеловский;Детская площадка;8 Марта улица Аэропорт 8 к.1, 8 к.2
989751488;Савеловский;Детская площадка;Квесисская 2-я ул. 25
953915147;Савеловский;Детская площадка;Хуторская 1-я ул. 8 к.3
1138880032;Савеловский;Детская площадка;Вятский 4-й пер. 33/47, 35, 37
1188967972;Савеловский;Детская площадка;Мишина ул. 28
1140986921;Савеловский;Детская площадка;Петровско-Разумовский пр. 20
1002807774;Савеловский;Детская площадка;Петровско-Разумовский пр. 15
1316433812;Савеловский;Детская площадка;Мишина ул. 16
989685343;Савеловский;Детская площадка;Юннатов ул. 14, 14А
989685345;Савеловский;Детская площадка;Юннатов ул. 14, 14А
1324761625;Савеловский;Детская площадка;Бутырская ул. 53 к.1, 53 к.2, 53 к.3
1324761652;Савеловский;Спортивная площадка;Бутырская ул. 53 к.1, 53 к.2, 53 к.3
1130343051;Савеловский;Спортивная площадка;2-я Хуторская улица дом 33, корпус 1, дом 33, корпус 2
1130343067;Савеловский;Детская площадка;2-я Хуторская улица дом 33, корпус 1, дом 33, корпус 2
1181914232;Сокол;Детская площадка;"Волоколамское шоссе 16Б к.2, 16Б к.3; Константина Царева ул. 4, 6"
1195814993;Сокол;Спортивная площадка;"Волоколамское шоссе 16Б к.2, 16Б к.3; Константина Царева ул. 4, 6"
1195814999;Сокол;Детская площадка;Песчаная 2-я ул. 3
1195815001;Сокол;Детская площадка;Волоколамское шоссе 7, 7А, 7Б
1179286646;Сокол;Детская площадка;Волоколамское шоссе 7, 7А, 7Б
1179561283;Сокол;Спортивная площадка;Волоколамское шоссе 7, 7А, 7Б
905467110;Сокол;Детская площадка;Новопесчаная ул. 14
905467112;Сокол;Детская площадка;Новопесчаная ул. 26
905467114;Сокол;Спортивная площадка;"Новопесчаная ул. 17 к.1, 17 к.2, 17 к.3, 17 к.4; Песчаная 2-я ул. 5"
905467118;Сокол;Спортивная площадка;"Новопесчаная ул. 17 к.1, 17 к.2, 17 к.3, 17 к.4; Песчаная 2-я ул. 5"
905467122;Сокол;Детская площадка;"Новопесчаная ул. 17 к.1, 17 к.2, 17 к.3, 17 к.4; Песчаная 2-я ул. 5"
905467130;Сокол;Спортивная площадка;"Новопесчаная ул. 17 к.1, 17 к.2, 17 к.3, 17 к.4; Песчаная 2-я ул. 5"
993452812;Сокол;Спортивная площадка;"Новопесчаная ул. 17 к.1, 17 к.2, 17 к.3, 17 к.4; Песчаная 2-я ул. 5"
993452814;Сокол;Спортивная площадка;"Новопесчаная ул. 17 к.1, 17 к.2, 17 к.3, 17 к.4; Песчаная 2-я ул. 5"
993452816;Сокол;Спортивная площадка;Алабяна ул. 15
993452824;Сокол;Детская площадка;Алабяна ул. 15
1158892738;Сокол;Детская площадка;Алабяна ул. 15
1134901626;Сокол;Спортивная площадка;Алабяна ул. 15
1134901628;Сокол;Детская площадка;Волоколамское шоссе 3
989252442;Сокол;Детская площадка;Факультетский пер. 4, 6
989252444;Сокол;Детская площадка;Факультетский пер. 4, 6
989252448;Сокол;Детская площадка;Волоколамское шоссе 10
918494484;Сокол;Детская площадка;Волоколамское шоссе 10
918494488;Сокол;Спортивная площадка;Волоколамское шоссе 10
1136444626;Сокол;Спортивная площадка;Песчаный пер. 18 к.1, 18 к.2, 20 к.1, 20 к.2
1136444630;Сокол;Детская площадка;Песчаный пер. 18 к.1, 18 к.2, 20 к.1, 20 к.2
1136444632;Сокол;Детская площадка;"Новопесчаная ул. 16 к.1, 16 к.2, 18; Сальвадора Альенде ул. 1, 3, 5"
1136444646;Сокол;Детская площадка;"Новопесчаная ул. 16 к.1, 16 к.2, 18; Сальвадора Альенде ул. 1, 3, 5"
1063047639;Сокол;Спортивная площадка;"Новопесчаная ул. 16 к.1, 16 к.2, 18; Сальвадора Альенде ул. 1, 3, 5"
1063047661;Сокол;Спортивная площадка;"Новопесчаная ул. 16 к.1, 16 к.2, 18; Сальвадора Альенде ул. 1, 3, 5"
1142383664;Сокол;Спортивная площадка;Светлый пр. 4 к.3, 4 к.4, 6 к.3
1030008621;Сокол;Детская площадка;Светлый пр. 4 к.3, 4 к.4, 6 к.3
1030008627;Сокол;Детская площадка;Панфилова ул. 4 к.1, 4 к.2, 4 к.3
1030008635;Сокол;Детская площадка;Новопесчаная ул. 23 к.1, 23 к.2, 23 к.3, 23 к.4, 23 к.5, 23 к.6, 23 к.7
984305871;Сокол;Детская площадка;Новопесчаная ул. 23 к.1, 23 к.2, 23 к.3, 23 к.4, 23 к.5, 23 к.6, 23 к.7
954822394;Сокол;Спортивная площадка;Новопесчаная ул. 23 к.1, 23 к.2, 23 к.3, 23 к.4, 23 к.5, 23 к.6, 23 к.7
1138083384;Сокол;Детская площадка;Сальвадора Альенде ул. 4 к.1
1043461694;Сокол;Детская площадка;Алабяна ул. 11
1158649477;Сокол;Детская площадка;"Луиджи Лонго ул. 4; Чапаевский пер. 10/2, 8"
1158649479;Сокол;Детская площадка;Новопесчаная ул. 11/6, 5, 7, 9
1158649481;Сокол;Детская площадка;"Алабяна ул. 3 к.1, 3 к.2, 3 к.3, 5; Песчаная ул. 10, 12"
1158649491;Сокол;Спортивная площадка;"Алабяна ул. 3 к.1, 3 к.2, 3 к.3, 5; Песчаная ул. 10, 12"
1158649497;Сокол;Детская площадка;"Алабяна ул. 3 к.1, 3 к.2, 3 к.3, 5; Песчаная ул. 10, 12"
1028555333;Сокол;Детская площадка;"Алабяна ул. 3 к.1, 3 к.2, 3 к.3, 5; Песчаная ул. 10, 12"
1028555341;Сокол;Спортивная площадка;"Алабяна ул. 3 к.1, 3 к.2, 3 к.3, 5; Песчаная ул. 10, 12"
987203534;Сокол;Детская площадка;Песчаная 2-я ул. 6 к.1, 6 к.2, 6 к.3, 6 к.4, 6 к.5
1194824058;Сокол;Спортивная площадка;Песчаная 2-я ул. 6 к.1, 6 к.2, 6 к.3, 6 к.4, 6 к.5
1194824060;Сокол;Детская площадка;Алабяна ул. 19 к.1, 19 к.2
1194824068;Сокол;Спортивная площадка;"Волоколамское шоссе 13; Панфилова ул. 18А"
1194824072;Сокол;Детская площадка;"Волоколамское шоссе 13; Панфилова ул. 18А"
1084075016;Сокол;Спортивная площадка;"Волоколамское шоссе 13; Панфилова ул. 18А"
1087930379;Сокол;Детская площадка;"Волоколамское шоссе 13; Панфилова ул. 18А"
1087930385;Сокол;Детская площадка;Панфилова ул. 10, 8
1087930391;Сокол;Спортивная площадка;Песчаный М. пер. 2, 4, 6, 8
1087930395;Сокол;Спортивная площадка;Песчаный М. пер. 2, 4, 6, 8
1138171823;Сокол;Спортивная площадка;Песчаный М. пер. 2, 4, 6, 8
1138171825;Сокол;Спортивная площадка;Песчаный М. пер. 2, 4, 6, 8
1138171831;Сокол;Спортивная площадка;Ленинградский просп. 75А, 75Б, 75 к.1, 75 к.1А, 75 к.1Б
975012087;Сокол;Детская площадка;Ленинградский просп. 75А, 75Б, 75 к.1, 75 к.1А, 75 к.1Б
975353137;Сокол;Спортивная площадка;Ленинградский просп. 75А, 75Б, 75 к.1, 75 к.1А, 75 к.1Б
1084066297;Сокол;Детская площадка;Светлый пр. 6 к.4
1086671057;Сокол;Детская площадка;Песчаная 2-я ул. 2 к.1, 2 к.2, 2 к.3, 2 к.4
1029974028;Сокол;Спортивная площадка;Новопесчаная улица дом 4, корпус 1, дом 4, корпус 2, дом 6, корпус 1, дом 6, корпус 2
1029974036;Сокол;Детская площадка;Панфилова ул. 12
999637361;Сокол;Детская площадка;"Новопесчаная ул. 19 к.1, 19 к.2, 19 к.3, 19 к.4; Песчаная 2-я ул. 8"
999637367;Сокол;Спортивная площадка;"Новопесчаная ул. 19 к.1, 19 к.2, 19 к.3, 19 к.4; Песчаная 2-я ул. 8"
999637373;Сокол;Детская площадка;Песчаный пер. 14 к.1, 14 к.2, 16
1025260302;Сокол;Спортивная площадка;Песчаный пер. 14 к.1, 14 к.2, 16
1087102246;Сокол;Спортивная площадка;Песчаный пер. 14 к.1, 14 к.2, 16
1087102248;Сокол;Детская площадка;Новопесчаная ул. 21 к.1, 21 к.2
1087102250;Сокол;Спортивная площадка;Ленинградский просп. 77 к.1, 77 к.2, 77 к.3, 77 к.4
1116698411;Сокол;Детская площадка;Ленинградский просп. 77 к.1, 77 к.2, 77 к.3, 77 к.4
1116698453;Сокол;Детская площадка;Ленинградский просп. 77 к.1, 77 к.2, 77 к.3, 77 к.4
1116698461;Сокол;Детская площадка;Светлый пр. 10 к.1, 10 к.2, 8 к.1, 8 к.2
1138242544;Сокол;Спортивная площадка;Светлый пр. 10 к.1, 10 к.2, 8 к.1, 8 к.2
1119609514;Сокол;Детская площадка;Светлый пр. 10 к.1, 10 к.2, 8 к.1, 8 к.2
1277246330;Сокол;Детская площадка;Алабяна ул. 13 к.1
1277246336;Сокол;Спортивная площадка;Светлый проезд дом 4, корпус 1, дом 4, корпус 2, дом 6, корпус 1, дом 6, корпус 2
1277246344;Сокол;Детская площадка;Алабяна ул. 10 к.1, 10 к.2, 10 к.3, 10 к.4, 10 к.5, 10 к.6
1279967264;Сокол;Спортивная площадка;Алабяна ул. 10 к.1, 10 к.2, 10 к.3, 10 к.4, 10 к.5, 10 к.6
1279967268;Сокол;Детская площадка;Алабяна ул. 10 к.1, 10 к.2, 10 к.3, 10 к.4, 10 к.5, 10 к.6
1279967272;Сокол;Детская площадка;"Алабяна ул. 12 к.1, 12 к.2, 12 к.3, 12 к.4; Панфилова ул. 2 к.1, 2 к.2, 2 к.3, 2 к.4"
1119609518;Сокол;Детская площадка;"Алабяна ул. 12 к.1, 12 к.2, 12 к.3, 12 к.4; Панфилова ул. 2 к.1, 2 к.2, 2 к.3, 2 к.4"
1087102256;Сокол;Спортивная площадка;"Алабяна ул. 12 к.1, 12 к.2, 12 к.3, 12 к.4; Панфилова ул. 2 к.1, 2 к.2, 2 к.3, 2 к.4"
1087102252;Сокол;Спортивная площадка;Светлый проезд дом 4, корпус 1, дом 4, корпус 2, дом 6, корпус 1, дом 6, корпус 2
1282677320;Сокол;Спортивная площадка;Ленинградский просп. 77 к.1, 77 к.2, 77 к.3, 77 к.4
1282677329;Сокол;Спортивная площадка;Ленинградский просп. 77 к.1, 77 к.2, 77 к.3, 77 к.4
1282677354;Сокол;Детская площадка;Песчаная 3-я ул. 5 к.1, 5 к.2, 5 к.3, 5 к.4
1029974020;Сокол;Спортивная площадка;Песчаная 3-я ул. 5 к.1, 5 к.2, 5 к.3, 5 к.4
1281967930;Сокол;Спортивная площадка;Песчаная 3-я ул. 5 к.1, 5 к.2, 5 к.3, 5 к.4
1281967916;Сокол;Спортивная площадка;"Новопесчаная ул. 19 к.1, 19 к.2, 19 к.3, 19 к.4; Песчаная 2-я ул. 8"
1281967920;Сокол;Спортивная площадка;Волоколамское шоссе дом 1, корпус А, дом 1, корпус Б
1072529577;Сокол;Спортивная площадка;Волоколамское шоссе дом 1, корпус А, дом 1, корпус Б
1072529581;Сокол;Детская площадка;Волоколамское шоссе дом 1, корпус А, дом 1, корпус Б
1141136882;Сокол;Спортивная площадка;Песчаный переулок дом 10, корпус 1, дом 10, корпус 2, дом 12, дом 8
1141136896;Сокол;Детская площадка;Песчаный переулок дом 10, корпус 1, дом 10, корпус 2, дом 12, дом 8
1317008719;Сокол;Детская площадка;Ленинградское шоссе 3 к.1, 3 стр.1
1138264683;Сокол;Спортивная площадка;Ленинградское шоссе 3 к.1, 3 стр.1
1193254649;Сокол;Спортивная площадка;Ленинградское шоссе 3 к.1, 3 стр.1
1193254651;Сокол;Детская площадка;Константина Царева ул. 14, 18
1193254643;Сокол;Спортивная площадка;Волоколамское шоссе 15/22
1193254657;Сокол;Спортивная площадка;Волоколамское шоссе 15/22
1320606807;Сокол;Детская площадка;Волоколамское шоссе 15/22
1086607190;Сокол;Спортивная площадка;Волоколамское шоссе 15/22
1087930381;Сокол;Спортивная площадка;Волоколамское шоссе 15/22
1087930383;Сокол;Детская площадка;"Куусинена ул. 25; Новопесчаная ул. 22, 24; Сальвадора Альенде ул. 7"
1087930387;Сокол;Детская площадка;Песчаный М. пер. 2, 4, 6, 8
1084066295;Сокол;Детская площадка;Песчаный М. пер. 2, 4, 6, 8
1119609688;Сокол;Детская площадка;Песчаный М. пер. 2, 4, 6, 8
929830395;Сокол;Детская площадка;Новопесчаная улица дом 4, корпус 1, дом 4, корпус 2, дом 6, корпус 1, дом 6, корпус 2
929830397;Сокол;Детская площадка;Светлый проезд дом 4, корпус 1, дом 4, корпус 2, дом 6, корпус 1, дом 6, корпус 2
975403430;Сокол;Детская площадка;"Ленинградский просп. 69 стр.1, 69 стр.2; Новопесчаная ул. 2А"
975403433;Сокол;Детская площадка;"Ленинградский просп. 69 стр.1, 69 стр.2; Новопесчаная ул. 2А"
975403435;Сокол;Детская площадка;Песчаная 2-я ул. 4
1192239727;Сокол;Детская площадка;Песчаная 2-я ул. 4
1060695962;Сокол;Детская площадка;Песчаная 2-я ул. 4
1060695972;Сокол;Детская площадка;Чапаевский пер. 12 к.1, 12 к.2, 12 к.3, 12 к.4
1060695976;Сокол;Детская площадка;Светлый пр. 10 к.3, 10 к.4, 8 к.3
986965136;Сокол;Детская площадка;Светлый пр. 10 к.3, 10 к.4, 8 к.3
1153925068;Сокол;Детская площадка;Светлый пр. 10 к.3, 10 к.4, 8 к.3
1153925072;Сокол;Детская площадка;Волоколамское шоссе 14, 16
1043364433;Сокол;Детская площадка;Волоколамское шоссе 6
1083863374;Сокол;Детская площадка;Волоколамское шоссе 6
1124920170;Сокол;Детская площадка;Зорге ул. 28
1124920176;Сокол;Детская площадка;Врубеля ул. 10
988321116;Сокол;Детская площадка;"Куусинена ул. 23 к.2; Новопесчаная ул. 25/23, 25 к.2"
988321118;Сокол;Спортивная площадка;"Куусинена ул. 23 к.2; Новопесчаная ул. 25/23, 25 к.2"
988321120;Сокол;Детская площадка;Факультетский пер. 3, 8
988321122;Сокол;Детская площадка;Факультетский пер. 3, 8
1140144705;Сокол;Детская площадка;Факультетский пер. 3, 8
1140144711;Сокол;Детская площадка;Факультетский пер. 3, 8
1043378881;Сокол;Детская площадка;Чапаевский пер. 16, 18/1
1043377169;Сокол;Детская площадка;Чапаевский пер. 16, 18/1
1043377171;Сокол;Детская площадка;Ленинградский просп. 65, 67 к.1
1268050028;Сокол;Детская площадка;Зорге ул. 32, 34
1268050032;Сокол;Спортивная площадка;Зорге ул. 32, 34
1191990886;Сокол;Детская площадка;Новопесчаная ул. 13 к.1, 13 к.2, 13 к.3, 13 к.4
1084070475;Сокол;Детская площадка;Новопесчаная ул. 13 к.1, 13 к.2, 13 к.3, 13 к.4
910768745;Сокол;Детская площадка;Панфилова ул. 14
927227433;Сокол;Детская площадка;Новопесчаная ул. 8 к.1, 8 к.2, 8 к.3
932991522;Тимирязевский;Детская площадка;Тимирязевская ул. 14
932991526;Тимирязевский;Спортивная площадка;Дмитровское шоссе 15 к.1, 15 к.2
932991528;Тимирязевский;Детская площадка;Астрадамская ул. 3, 5
1023331139;Тимирязевский;Детская площадка;Астрадамская ул. 3, 5
907283126;Тимирязевский;Детская площадка;Астрадамская ул. 3, 5
907283134;Тимирязевский;Детская площадка;Дубки ул. 11, 13
1030429818;Тимирязевский;Детская площадка;Красностуденческий пр. 19, 21, 23
1030429826;Тимирязевский;Детская площадка;Красностуденческий пр. 19, 21, 23
888516365;Тимирязевский;Детская площадка;Костякова ул. 11, 11 к.1, 13
1025901353;Тимирязевский;Спортивная площадка;Костякова ул. 11, 11 к.1, 13
910747898;Тимирязевский;Детская площадка;Астрадамская ул. 13, 15
1038549671;Тимирязевский;Детская площадка;Соломенной Сторожки пр. 3, 3А, 5, 5А
1025080989;Тимирязевский;Детская площадка;Тимирязевская ул. 12
1025080991;Тимирязевский;Детская площадка;Локомотивный пр. 15, 15 к.2, 19А
1025080997;Тимирязевский;Детская площадка;Дмитровское шоссе 33 к.4, 33 к.5, 33 к.6, 33 к.7
1023629746;Тимирязевский;Спортивная площадка;Дмитровское шоссе 33 к.4, 33 к.5, 33 к.6, 33 к.7
927063294;Тимирязевский;Детская площадка;Дмитровское шоссе 33 к.4, 33 к.5, 33 к.6, 33 к.7
933112574;Тимирязевский;Детская площадка;Дмитровское шоссе 32 к.2, 32 к.3
933112578;Тимирязевский;Детская площадка;Вучетича ул. 19
1000117273;Тимирязевский;Детская площадка;"Вучетича ул. 8; Соломенной Сторожки пр. 12А"
1000117277;Тимирязевский;Детская площадка;"Вучетича ул. 8; Соломенной Сторожки пр. 12А"
1108494357;Тимирязевский;Детская площадка;Соломенной Сторожки пр. 10, 10А, 8
1108494359;Тимирязевский;Детская площадка;Соломенной Сторожки пр. 10, 10А, 8
1042731149;Тимирязевский;Детская площадка;Локомотивный пр. 29, 31
1022865965;Тимирязевский;Спортивная площадка;Локомотивный пр. 29, 31
1139222459;Тимирязевский;Детская площадка;Нижнелихоборский 3-й пр. 13 к.1, 13 к.2
1139222461;Тимирязевский;Детская площадка;"Дмитровское шоссе 19 к.1; Ивановская ул. 20"
1139222465;Тимирязевский;Спортивная площадка;Вучетича ул. 15 к.1, 17 к.1
1139222467;Тимирязевский;Детская площадка;Вучетича ул. 15 к.1, 17 к.1
1139222469;Тимирязевский;Детская площадка;Вучетича ул. 15 к.1, 17 к.1
1139222473;Тимирязевский;Спортивная площадка;Вучетича ул. 15 к.1, 17 к.1
901952378;Тимирязевский;Детская площадка;Вучетича ул. 15 к.1, 17 к.1
1187333207;Тимирязевский;Спортивная площадка;Вучетича ул. 15 к.1, 17 к.1
1187333211;Тимирязевский;Детская площадка;Дубки ул. 3
1187333215;Тимирязевский;Детская площадка;"Дмитровское шоссе 25 к.1; Ивановская ул. 32, 34, 36; Красностуденческий пр. 1; Немчинова ул. 2"
1187333225;Тимирязевский;Детская площадка;"Дмитровское шоссе 25 к.1; Ивановская ул. 32, 34, 36; Красностуденческий пр. 1; Немчинова ул. 2"
1187333234;Тимирязевский;Детская площадка;"Дмитровское шоссе 25 к.1; Ивановская ул. 32, 34, 36; Красностуденческий пр. 1; Немчинова ул. 2"
1114486194;Тимирязевский;Детская площадка;"Дмитровское шоссе 25 к.1; Ивановская ул. 32, 34, 36; Красностуденческий пр. 1; Немчинова ул. 2"
1142616464;Тимирязевский;Спортивная площадка;"Дмитровское шоссе 25 к.1; Ивановская ул. 32, 34, 36; Красностуденческий пр. 1; Немчинова ул. 2"
1142616466;Тимирязевский;Детская площадка;Дмитровское шоссе 42
1023211142;Тимирязевский;Детская площадка;Дмитровское шоссе 34 к.1, 36 к.1
1143493401;Тимирязевский;Детская площадка;Дмитровское шоссе 34 к.1, 36 к.1
1143493405;Тимирязевский;Детская площадка;Дмитровское шоссе 5 к.1
1143493409;Тимирязевский;Детская площадка;Дмитровское шоссе 61 к.1, 63 к.1, 63 к.2, 65 к.1, 65 к.2
1135863287;Тимирязевский;Детская площадка;Дмитровское шоссе 61 к.1, 63 к.1, 63 к.2, 65 к.1, 65 к.2
1135863289;Тимирязевский;Детская площадка;Дмитровское шоссе 61 к.1, 63 к.1, 63 к.2, 65 к.1, 65 к.2
1122653622;Тимирязевский;Детская площадка;Дмитровское шоссе 7 к.1
909982832;Тимирязевский;Детская площадка;Дмитровское шоссе 7 к.1
1187080998;Тимирязевский;Детская площадка;Вучетича ул. 24, 26
1187081005;Тимирязевский;Детская площадка;Всеволода Вишневского ул. 11, 9, 9 к.1, 9 к.2
1187081044;Тимирязевский;Детская площадка;Тимирязевская ул. 30 к.1, 30 к.2, 32 к.1, 32 к.2
1023355278;Тимирязевский;Детская площадка;Тимирязевская ул. 30 к.1, 30 к.2, 32 к.1, 32 к.2
1023355282;Тимирязевский;Детская площадка;Тимирязевская ул. 30 к.1, 30 к.2, 32 к.1, 32 к.2
1023355284;Тимирязевский;Детская площадка;Ивановская ул. 16, 18
1139220801;Тимирязевский;Детская площадка;Ивановская ул. 16, 18
1139220805;Тимирязевский;Спортивная площадка;Ивановская ул. 16, 18
1198172530;Тимирязевский;Детская площадка;Вучетича ул. 4
950906768;Тимирязевский;Спортивная площадка;Вучетича ул. 4
1195320714;Тимирязевский;Детская площадка;Дмитровское шоссе 46 к.1
;Тимирязевский;Детская площадка;Астрадамская ул. 9 к.1, 9 к.2
1139859711;Тимирязевский;Детская площадка;Дмитровское шоссе 27 к.2, 27 к.3, 27 к.4
1139859713;Тимирязевский;Детская площадка;Дмитровское шоссе 27 к.2, 27 к.3, 27 к.4
1139859717;Тимирязевский;Спортивная площадка;"Дмитровское шоссе 48 к.1, 48 к.2, 50 к.1; Нижнелихоборский 3-й пр. 14"
1139859721;Тимирязевский;Детская площадка;"Дмитровское шоссе 48 к.1, 48 к.2, 50 к.1; Нижнелихоборский 3-й пр. 14"
948486428;Тимирязевский;Детская площадка;"Дмитровское шоссе 48 к.1, 48 к.2, 50 к.1; Нижнелихоборский 3-й пр. 14"
1176769546;Тимирязевский;Спортивная площадка;"Дмитровское шоссе 48 к.1, 48 к.2, 50 к.1; Нижнелихоборский 3-й пр. 14"
1176769548;Тимирязевский;Детская площадка;Дмитровское шоссе 51 к.1
1176769550;Тимирязевский;Спортивная площадка;Вучетича ул. 11 к.1, 11 к.2, 9 к.1, 9 к.2
927654233;Тимирязевский;Детская площадка;Вучетича ул. 11 к.1, 11 к.2, 9 к.1, 9 к.2
1022890471;Тимирязевский;Детская площадка;Вучетича ул. 11 к.1, 11 к.2, 9 к.1, 9 к.2
1022890487;Тимирязевский;Детская площадка;Дмитровский пр. 20 к.1, 20 к.2
927205558;Тимирязевский;Детская площадка;Тимирязевская ул. 10/12
927205562;Тимирязевский;Детская площадка;Тимирязевская ул. 10/12
1039079652;Тимирязевский;Детская площадка;Астрадамская ул. 5А, 7А, 7Б
927303431;Тимирязевский;Детская площадка;Астрадамская ул. 5А, 7А, 7Б
1186514456;Тимирязевский;Детская площадка;Дубки ул. 2А, 4А
1143544605;Тимирязевский;Детская площадка;Дмитровский пр. 18
1139836694;Тимирязевский;Детская площадка;Тимирязевская ул. 16
1139836696;Тимирязевский;Детская площадка;"Локомотивный пр. 23; Нижнелихоборский 3-й пр. 16/25, 16 к.1"
1139836702;Тимирязевский;Детская площадка;"Дмитровское шоссе 52 к.1, 52 к.2, 54 к.2; Нижнелихоборский 3-й пр. 11"
1139836706;Тимирязевский;Детская площадка;"Дмитровское шоссе 52 к.1, 52 к.2, 54 к.2; Нижнелихоборский 3-й пр. 11"
911525844;Тимирязевский;Спортивная площадка;"Дмитровское шоссе 52 к.1, 52 к.2, 54 к.2; Нижнелихоборский 3-й пр. 11"
927056820;Тимирязевский;Детская площадка;"Дмитровское шоссе 52 к.1, 52 к.2, 54 к.2; Нижнелихоборский 3-й пр. 11"
1050139887;Тимирязевский;Детская площадка;Чуксин туп. 5, 7
1050139889;Тимирязевский;Детская площадка;"Астрадамская ул. 1 к.1, 1 к.2, 1 к.3; Соломенной Сторожки пр. 6"
1050139895;Тимирязевский;Спортивная площадка;Дмитровский пр. 16 к.2
1193808119;Тимирязевский;Детская площадка;Дмитровский пр. 16 к.2
1193808121;Тимирязевский;Спортивная площадка;Дмитровский пр. 16 к.2
1193808123;Тимирязевский;Детская площадка;Дмитровское шоссе 44 к.1, 44 к.2, 44 к.3
1193808131;Тимирязевский;Спортивная площадка;Дмитровское шоссе 44 к.1, 44 к.2, 44 к.3
1193264611;Тимирязевский;Спортивная площадка;Дмитровское шоссе 44 к.1, 44 к.2, 44 к.3
1193264617;Тимирязевский;Детская площадка;Дмитровское шоссе 44 к.1, 44 к.2, 44 к.3
1193264621;Тимирязевский;Детская площадка;Дмитровское шоссе 29 к.1, 31, 33 к.1
1193264623;Тимирязевский;Детская площадка;Дмитровское шоссе 29 к.1, 31, 33 к.1
1185982487;Тимирязевский;Спортивная площадка;Дмитровское шоссе 29 к.1, 31, 33 к.1
1185982499;Тимирязевский;Детская площадка;Дмитровское шоссе 29 к.1, 31, 33 к.1
1185982501;Тимирязевский;Детская площадка;Дмитровское шоссе 33 к.2, 35 к.1, 37 к.1, 39 к.1, 39 к.2
1185982507;Тимирязевский;Спортивная площадка;Дмитровское шоссе 33 к.2, 35 к.1, 37 к.1, 39 к.1, 39 к.2
1185982509;Тимирязевский;Детская площадка;Дмитровское шоссе 33 к.2, 35 к.1, 37 к.1, 39 к.1, 39 к.2
1185982517;Тимирязевский;Детская площадка;Дмитровское шоссе 33 к.2, 35 к.1, 37 к.1, 39 к.1, 39 к.2
1185982525;Тимирязевский;Детская площадка;Дмитровское шоссе 33 к.2, 35 к.1, 37 к.1, 39 к.1, 39 к.2
1185982531;Тимирязевский;Детская площадка;Дмитровское шоссе 33 к.2, 35 к.1, 37 к.1, 39 к.1, 39 к.2
1185982533;Тимирязевский;Спортивная площадка;Дмитровское шоссе 33 к.2, 35 к.1, 37 к.1, 39 к.1, 39 к.2
1185982537;Тимирязевский;Детская площадка;Дмитровское шоссе 33 к.2, 35 к.1, 37 к.1, 39 к.1, 39 к.2
1185982547;Тимирязевский;Детская площадка;Дмитровское шоссе 33 к.2, 35 к.1, 37 к.1, 39 к.1, 39 к.2
1023393598;Тимирязевский;Спортивная площадка;Дмитровское шоссе 33 к.2, 35 к.1, 37 к.1, 39 к.1, 39 к.2
1023393600;Тимирязевский;Спортивная площадка;Дмитровское шоссе 33 к.2, 35 к.1, 37 к.1, 39 к.1, 39 к.2
933700859;Тимирязевский;Детская площадка;Дмитровское шоссе 43 к.1
933700863;Тимирязевский;Детская площадка;Дмитровское шоссе 43 к.1
933700879;Тимирязевский;Спортивная площадка;Костякова ул. 10
1148246965;Тимирязевский;Детская площадка;Костякова ул. 10
1148246974;Тимирязевский;Детская площадка;Костякова ул. 10
927654661;Тимирязевский;Спортивная площадка;Красностуденческий пр. 4
927654663;Тимирязевский;Спортивная площадка;Красностуденческий пр. 4
1022767444;Тимирязевский;Детская площадка;Дмитровский пр. 16
1022767446;Тимирязевский;Спортивная площадка;Дмитровский пр. 16
1139232669;Тимирязевский;Детская площадка;Ивановская ул. 14 к.1, 14 к.2
1139232671;Тимирязевский;Спортивная площадка;Ивановская ул. 14 к.1, 14 к.2
1139232673;Тимирязевский;Спортивная площадка;"Дмитровское шоссе 59 к.1; Нижнелихоборский 3-й пр. 6, 8, 8А"
1139232675;Тимирязевский;Детская площадка;"Дмитровское шоссе 59 к.1; Нижнелихоборский 3-й пр. 6, 8, 8А"
1195006893;Тимирязевский;Детская площадка;"Дмитровское шоссе 59 к.1; Нижнелихоборский 3-й пр. 6, 8, 8А"
1195006895;Тимирязевский;Детская площадка;"Дмитровское шоссе 59 к.1; Нижнелихоборский 3-й пр. 6, 8, 8А"
1195006903;Тимирязевский;Детская площадка;"Астрадамская ул. 6, 6 к.1; Тимирязевская ул. 23, 25, 25 к.2"
1195006915;Тимирязевский;Детская площадка;"Астрадамская ул. 6, 6 к.1; Тимирязевская ул. 23, 25, 25 к.2"
911343449;Тимирязевский;Детская площадка;"Астрадамская ул. 6, 6 к.1; Тимирязевская ул. 23, 25, 25 к.2"
911343451;Тимирязевский;Спортивная площадка;"Астрадамская ул. 6, 6 к.1; Тимирязевская ул. 23, 25, 25 к.2"
1196196163;Тимирязевский;Детская площадка;Локомотивный пр. 13
910946317;Тимирязевский;Детская площадка;Локомотивный пр. 13
1089296750;Тимирязевский;Детская площадка;Вучетича ул. 16, 16 к.1
1025092702;Тимирязевский;Детская площадка;"Дмитровское шоссе 23 к.1; Ивановская ул. 26"
1025092708;Тимирязевский;Спортивная площадка;"Линейный пр. 8; Локомотивный пр. 11/10"
1023416370;Тимирязевский;Детская площадка;"Линии Октябрьской Железной Дороги ул. 10, 10А, 12; Нижнелихоборский 3-й пр. 2 к.1, 4, 4А"
1026310586;Тимирязевский;Детская площадка;"Линии Октябрьской Железной Дороги ул. 10, 10А, 12; Нижнелихоборский 3-й пр. 2 к.1, 4, 4А"
1026310588;Тимирязевский;Детская площадка;Тимирязевская ул. 13, 15
927320820;Тимирязевский;Детская площадка;Дмитровское шоссе 3 к.1, 3 к.2
927320822;Тимирязевский;Детская площадка;Дмитровское шоссе 3 к.1, 3 к.2
934425872;Тимирязевский;Детская площадка;"Астрадамская ул. 4; Тимирязевская ул. 17А, 17 к.1, 19"
934425876;Тимирязевский;Детская площадка;"Астрадамская ул. 4; Тимирязевская ул. 17А, 17 к.1, 19"
940819781;Тимирязевский;Детская площадка;"Дмитровский пр. 14; Тимирязевская ул. 11, 11 к.1, 7, 9"
940819787;Тимирязевский;Спортивная площадка;"Дмитровский пр. 14; Тимирязевская ул. 11, 11 к.1, 7, 9"
940819789;Тимирязевский;Спортивная площадка;"Дмитровский пр. 6 к.1, 6 к.2; Костякова ул. 2/6"
941293615;Тимирязевский;Детская площадка;"Дмитровский пр. 6 к.1, 6 к.2; Костякова ул. 2/6"
941293633;Тимирязевский;Детская площадка;"Дмитровский пр. 6 к.1, 6 к.2; Костякова ул. 2/6"
933669042;Тимирязевский;Детская площадка;"Всеволода Вишневского ул. 8; Костякова ул. 9"
933669044;Тимирязевский;Детская площадка;"Всеволода Вишневского ул. 8; Костякова ул. 9"
933669050;Тимирязевский;Детская площадка;Астрадамская ул. 7
915004231;Тимирязевский;Спортивная площадка;Астрадамская ул. 7
915004233;Тимирязевский;Детская площадка;Астрадамская ул. 7
1193264609;Тимирязевский;Детская площадка;Тимирязевская ул. 8 к.2
906620820;Тимирязевский;Спортивная площадка;Тимирязевская ул. 8 к.2
906620832;Тимирязевский;Спортивная площадка;Дмитровское шоссе 29 к.1, 31, 33 к.1
1154531133;Тимирязевский;Детская площадка;Дубки ул. 2
1154531138;Тимирязевский;Спортивная площадка;Дубки ул. 2
1154531144;Тимирязевский;Детская площадка;"Вучетича ул. 5, 7; Чуксин туп. 2, 4"
1154531154;Тимирязевский;Детская площадка;"Вучетича ул. 5, 7; Чуксин туп. 2, 4"
1268767303;Тимирязевский;Детская площадка;"Вучетича ул. 5, 7; Чуксин туп. 2, 4"
1268767297;Тимирязевский;Детская площадка;"Вучетича ул. 5, 7; Чуксин туп. 2, 4"
953105387;Тимирязевский;Детская площадка;"Астрадамский пр. 1, 3; Вучетича ул. 22"
953105377;Тимирязевский;Детская площадка;"Астрадамский пр. 1, 3; Вучетича ул. 22"
953105385;Тимирязевский;Детская площадка;Вучетича ул. 28 к.1, 28 к.2, 28 к.3, 28 к.4
933703529;Тимирязевский;Спортивная площадка;Вучетича ул. 28 к.1, 28 к.2, 28 к.3, 28 к.4
933703531;Тимирязевский;Детская площадка;Вучетича ул. 28 к.1, 28 к.2, 28 к.3, 28 к.4
1306265856;Тимирязевский;Детская площадка;Костякова ул. 6/5
986795035;Тимирязевский;Детская площадка;Костякова ул. 6/5
1025915309;Тимирязевский;Спортивная площадка;Костякова ул. 6/5
1025915317;Тимирязевский;Детская площадка;Красностуденческий пр. 2
1148246945;Тимирязевский;Детская площадка;"Дмитровский пр. 4, 4А, 4 к.2, 4 к.3, 4 к.4; Дмитровское шоссе 1 к.1"
927227427;Тимирязевский;Спортивная площадка;"Дмитровский пр. 4, 4А, 4 к.2, 4 к.3, 4 к.4; Дмитровское шоссе 1 к.1"
1023656505;Тимирязевский;Детская площадка;Красностуденческий пр. 4
1325401868;Тимирязевский;Детская площадка;Дмитровское шоссе 15 к.1, 15 к.2
1325441987;Тимирязевский;Детская площадка;Тимирязевская улица дом 34, корпус 1, дом 34, корпус 2
887722354;Тимирязевский;Детская площадка;улица Дубки дом 4
1034487113;Тимирязевский;Детская площадка;Астрадамская улица дом 9Б
950882771;Тимирязевский;Детская площадка;Астрадамская ул. 15Б
1042922092;Тимирязевский;Детская площадка;Дмитровское шоссе 28, 30 к.1, 32 к.1
1027680956;Тимирязевский;Детская площадка;Астрадамская ул. 11 к.1
1027841994;Тимирязевский;Детская площадка;Красностуденческий пр. 3, 5
1025951309;Тимирязевский;Детская площадка;Линии Октябрьской Железной Дороги ул. 4, 4А
1025951311;Тимирязевский;Детская площадка;Костякова ул. 7/7
1025951349;Тимирязевский;Детская площадка;Локомотивный пр. 7, 9, 9А
1025951351;Тимирязевский;Детская площадка;Локомотивный пр. 7, 9, 9А
1025951353;Тимирязевский;Детская площадка;Локомотивный пр. 7, 9, 9А
939806193;Тимирязевский;Детская площадка;Локомотивный пр. 7, 9, 9А
925017711;Тимирязевский;Детская площадка;Локомотивный пр. 7, 9, 9А
948709511;Тимирязевский;Детская площадка;Астрадамская ул. 11 к.2, 11 к.3, 11 к.4
1027852430;Тимирязевский;Детская площадка;Немчинова ул. 1/25
1026740097;Тимирязевский;Детская площадка;Линейный пр. 1, 3
1026740099;Тимирязевский;Детская площадка;Тимирязевская ул. 4/12
986443729;Тимирязевский;Спортивная площадка;Дмитровское шоссе 38 к.1
986443751;Тимирязевский;Детская площадка;Дмитровское шоссе 38 к.1
906621986;Тимирязевский;Детская площадка;Костякова ул. 15, 17 к.1
915193490;Тимирязевский;Детская площадка;Костякова ул. 15, 17 к.1
1106725502;Тимирязевский;Детская площадка;Тимирязевская ул. 20 к.1, 20 к.2
1106725504;Тимирязевский;Спортивная площадка;Астрадамский пр. 9
901954992;Тимирязевский;Детская площадка;Красностуденческий пр. 4 к.2
1022869142;Тимирязевский;Детская площадка;Красностуденческий пр. 4 к.2
1022869152;Тимирязевский;Детская площадка;Тимирязевская ул. 18 к.1, 18 к.2
1121114830;Тимирязевский;Детская площадка;Костякова ул. 8
1163429072;Тимирязевский;Спортивная площадка;Костякова ул. 8
1163429076;Тимирязевский;Детская площадка;Вучетича ул. 13
1196562545;Тимирязевский;Детская площадка;"Дмитровское шоссе 36 к.2, 40 к.1; Линейный пр. 6, 6А"
1196562551;Тимирязевский;Детская площадка;"Дмитровское шоссе 36 к.2, 40 к.1; Линейный пр. 6, 6А"
927253079;Тимирязевский;Детская площадка;Чуксин туп. 3
1026292139;Тимирязевский;Детская площадка;Чуксин туп. 3
927219597;Тимирязевский;Детская площадка;"Красностуденческий пр. 9; Немчинова ул. 12"
925012031;Тимирязевский;Детская площадка;"Дмитровское шоссе 21 к.1; Ивановская ул. 22"
1176807442;Тимирязевский;Детская площадка;Дмитровский пр. 8
1176807445;Тимирязевский;Детская площадка;Тимирязевская ул. 6
927232859;Тимирязевский;Детская площадка;Дмитровское шоссе 55
1196562541;Тимирязевский;Спортивная площадка;Дмитровское шоссе 55
1022893739;Тимирязевский;Детская площадка;Костякова ул. 5
1022893743;Тимирязевский;Спортивная площадка;Чуксин туп. 3
1193407921;Тимирязевский;Детская площадка;Дмитровское шоссе дом 7, корпус 2
1193407931;Тимирязевский;Спортивная площадка;Дмитровское шоссе дом 7, корпус 2
941271462;Тимирязевский;Детская площадка;Дмитровское шоссе 41 к.1, 41 к.2, 45 к.1, 45 к.2, 45 к.3
1324809800;Тимирязевский;Детская площадка;Дмитровское шоссе 41 к.1, 41 к.2, 45 к.1, 45 к.2, 45 к.3
1324809864;Тимирязевский;Детская площадка;"Дмитровское шоссе дом 51, корпус 2; улица Линии Октябрьской Железной Дороги дом 6, дом 6А"
1324809868;Тимирязевский;Спортивная площадка;Дмитровское шоссе дом 55А
1324812642;Тимирязевский;Спортивная площадка;Дмитровское шоссе дом 55А
962784211;Тимирязевский;Детская площадка;Дмитровское шоссе дом 55А
946850481;Тимирязевский;Детская площадка;Линейный проезд дом 8А
946850483;Ховрино;Детская площадка;Петрозаводская ул. 5 к.3
947876954;Ховрино;Спортивная площадка;Петрозаводская ул. 32 к.2
950939506;Ховрино;Детская площадка;Петрозаводская ул. 32 к.2
1138398573;Ховрино;Детская площадка;Петрозаводская ул. 36
1138398587;Ховрино;Детская площадка;Петрозаводская ул. 17 к.1
949051267;Ховрино;Детская площадка;Петрозаводская ул. 3 к.1
918627097;Ховрино;Детская площадка;Петрозаводская ул. 3 к.1
913108026;Ховрино;Детская площадка;Клинская ул. 9
980663548;Ховрино;Детская площадка;Петрозаводская ул. 28 к.3, 28 к.4
980663550;Ховрино;Детская площадка;Дыбенко ул. 2
980663554;Ховрино;Спортивная площадка;Петрозаводская ул. 5 к.1, 5 к.2
1043060218;Ховрино;Спортивная площадка;Петрозаводская ул. 5 к.1, 5 к.2
949592043;Ховрино;Детская площадка;Петрозаводская ул. 5 к.1, 5 к.2
917712890;Ховрино;Детская площадка;Петрозаводская ул. 4
1043275925;Ховрино;Детская площадка;Петрозаводская ул. 15 к.1
1043275927;Ховрино;Детская площадка;Лавочкина ул. 44 к.3
934919684;Ховрино;Детская площадка;Зеленоградская ул. 45
1176625501;Ховрино;Детская площадка;Зеленоградская ул. 45
913027548;Ховрино;Детская площадка;Фестивальная ул. 24
913027552;Ховрино;Детская площадка;Зеленоградская ул. 25 к.4
1086630639;Ховрино;Спортивная площадка;Дыбенко ул. 18 к.1
1086630641;Ховрино;Детская площадка;Дыбенко ул. 18 к.1
1086630657;Ховрино;Детская площадка;Дыбенко ул. 22 к.1, 22 к.2
1086630669;Ховрино;Спортивная площадка;Дыбенко ул. 22 к.1, 22 к.2
937966862;Ховрино;Детская площадка;Дыбенко ул. 22 к.1, 22 к.2
1143751725;Ховрино;Детская площадка;Дыбенко ул. 22 к.1, 22 к.2
1143751731;Ховрино;Детская площадка;Зеленоградская ул. 23 к.1
1143751739;Ховрино;Детская площадка;Зеленоградская ул. 17 к.1
943961929;Ховрино;Спортивная площадка;Зеленоградская ул. 17 к.1
897122037;Ховрино;Спортивная площадка;Зеленоградская ул. 17 к.1
943983000;Ховрино;Спортивная площадка;Зеленоградская ул. 19 к.1
1142008458;Ховрино;Детская площадка;Клинская ул. 10 к.3
1142008482;Ховрино;Детская площадка;Дыбенко ул. 32 к.1
1142008492;Ховрино;Спортивная площадка;Онежская ул. 57/34
1142008592;Ховрино;Спортивная площадка;Онежская ул. 57/34
1156411749;Ховрино;Детская площадка;Онежская ул. 57/34
1191447772;Ховрино;Спортивная площадка;Онежская ул. 57/34
1191447775;Ховрино;Детская площадка;Фестивальная ул. 47
931960147;Ховрино;Спортивная площадка;Фестивальная ул. 51 к.1
931960149;Ховрино;Детская площадка;Фестивальная ул. 51 к.1
917559163;Ховрино;Детская площадка;Клинская ул. 10 к.4
917542054;Ховрино;Детская площадка;Клинская ул. 10 к.4
931928757;Ховрино;Детская площадка;Фестивальная ул. 73 к.3
934266086;Ховрино;Детская площадка;Фестивальная ул. 53 к.4
941769714;Ховрино;Детская площадка;Клинская ул. 14 к.2
941769720;Ховрино;Детская площадка;Фестивальная ул. 22 к.1
934131965;Ховрино;Детская площадка;Петрозаводская ул. 12 к.1
934131967;Ховрино;Спортивная площадка;Петрозаводская ул. 12 к.1
934131969;Ховрино;Детская площадка;Фестивальная ул. 22 к.7
1027581862;Ховрино;Спортивная площадка;Фестивальная ул. 22 к.7
1027581872;Ховрино;Детская площадка;Фестивальная ул. 22 к.7
1027581876;Ховрино;Детская площадка;Левобережная ул. 4 к.16, 4 к.2, 4 к.3, 4 к.5, 4 к.6
1027581878;Ховрино;Детская площадка;Левобережная ул. 4 к.16, 4 к.2, 4 к.3, 4 к.5, 4 к.6
1027581882;Ховрино;Детская площадка;Левобережная ул. 4 к.16, 4 к.2, 4 к.3, 4 к.5, 4 к.6
1027581884;Ховрино;Детская площадка;Левобережная ул. 4 к.16, 4 к.2, 4 к.3, 4 к.5, 4 к.6
1027581888;Ховрино;Детская площадка;Левобережная ул. 4 к.16, 4 к.2, 4 к.3, 4 к.5, 4 к.6
1027581890;Ховрино;Детская площадка;Левобережная ул. 4 к.16, 4 к.2, 4 к.3, 4 к.5, 4 к.6
1027581892;Ховрино;Детская площадка;Левобережная ул. 4 к.16, 4 к.2, 4 к.3, 4 к.5, 4 к.6
1027581894;Ховрино;Детская площадка;Левобережная ул. 4 к.16, 4 к.2, 4 к.3, 4 к.5, 4 к.6
1027581896;Ховрино;Детская площадка;Левобережная ул. 4 к.16, 4 к.2, 4 к.3, 4 к.5, 4 к.6
1027581898;Ховрино;Детская площадка;Левобережная ул. 4 к.16, 4 к.2, 4 к.3, 4 к.5, 4 к.6
1027581900;Ховрино;Детская площадка;Левобережная ул. 4 к.16, 4 к.2, 4 к.3, 4 к.5, 4 к.6
1027581902;Ховрино;Детская площадка;Левобережная ул. 4 к.16, 4 к.2, 4 к.3, 4 к.5, 4 к.6
1027581904;Ховрино;Детская площадка;Левобережная ул. 4 к.16, 4 к.2, 4 к.3, 4 к.5, 4 к.6
1027581906;Ховрино;Детская площадка;Левобережная ул. 4 к.16, 4 к.2, 4 к.3, 4 к.5, 4 к.6
1027581910;Ховрино;Детская площадка;Левобережная ул. 4 к.16, 4 к.2, 4 к.3, 4 к.5, 4 к.6
1027581914;Ховрино;Детская площадка;Левобережная ул. 4 к.16, 4 к.2, 4 к.3, 4 к.5, 4 к.6
1027581916;Ховрино;Детская площадка;Левобережная ул. 4 к.16, 4 к.2, 4 к.3, 4 к.5, 4 к.6
1027581918;Ховрино;Детская площадка;Левобережная ул. 4 к.16, 4 к.2, 4 к.3, 4 к.5, 4 к.6
1027581920;Ховрино;Детская площадка;Левобережная ул. 4 к.16, 4 к.2, 4 к.3, 4 к.5, 4 к.6
1027581922;Ховрино;Детская площадка;Левобережная ул. 4 к.16, 4 к.2, 4 к.3, 4 к.5, 4 к.6
1027581924;Ховрино;Детская площадка;Левобережная ул. 4 к.16, 4 к.2, 4 к.3, 4 к.5, 4 к.6
1027581926;Ховрино;Детская площадка;Левобережная ул. 4 к.16, 4 к.2, 4 к.3, 4 к.5, 4 к.6
1027581936;Ховрино;Детская площадка;Левобережная ул. 4 к.16, 4 к.2, 4 к.3, 4 к.5, 4 к.6
1027581940;Ховрино;Детская площадка;Левобережная ул. 4 к.16, 4 к.2, 4 к.3, 4 к.5, 4 к.6
1027581942;Ховрино;Детская площадка;Левобережная ул. 4 к.16, 4 к.2, 4 к.3, 4 к.5, 4 к.6
1027581944;Ховрино;Детская площадка;Левобережная ул. 4 к.16, 4 к.2, 4 к.3, 4 к.5, 4 к.6
1027581946;Ховрино;Детская площадка;Левобережная ул. 4 к.16, 4 к.2, 4 к.3, 4 к.5, 4 к.6
1027581948;Ховрино;Детская площадка;Левобережная ул. 4 к.16, 4 к.2, 4 к.3, 4 к.5, 4 к.6
1027581950;Ховрино;Детская площадка;Левобережная ул. 4 к.16, 4 к.2, 4 к.3, 4 к.5, 4 к.6
1027581952;Ховрино;Детская площадка;Левобережная ул. 4 к.16, 4 к.2, 4 к.3, 4 к.5, 4 к.6
1027581954;Ховрино;Детская площадка;Левобережная ул. 4 к.16, 4 к.2, 4 к.3, 4 к.5, 4 к.6
1027581956;Ховрино;Детская площадка;Левобережная ул. 4 к.16, 4 к.2, 4 к.3, 4 к.5, 4 к.6
1027581958;Ховрино;Детская площадка;Левобережная ул. 4 к.16, 4 к.2, 4 к.3, 4 к.5, 4 к.6
1027581960;Ховрино;Детская площадка;Левобережная ул. 4 к.16, 4 к.2, 4 к.3, 4 к.5, 4 к.6
1027581964;Ховрино;Детская площадка;Левобережная ул. 4 к.16, 4 к.2, 4 к.3, 4 к.5, 4 к.6
1027581966;Ховрино;Детская площадка;Левобережная ул. 4 к.16, 4 к.2, 4 к.3, 4 к.5, 4 к.6
1027581968;Ховрино;Детская площадка;Левобережная ул. 4 к.16, 4 к.2, 4 к.3, 4 к.5, 4 к.6
1027581970;Ховрино;Детская площадка;Левобережная ул. 4 к.16, 4 к.2, 4 к.3, 4 к.5, 4 к.6
1027581972;Ховрино;Детская площадка;Левобережная ул. 4 к.16, 4 к.2, 4 к.3, 4 к.5, 4 к.6
1027581974;Ховрино;Детская площадка;Левобережная ул. 4 к.16, 4 к.2, 4 к.3, 4 к.5, 4 к.6
1027581976;Ховрино;Детская площадка;Левобережная ул. 4 к.16, 4 к.2, 4 к.3, 4 к.5, 4 к.6
1027581978;Ховрино;Детская площадка;Левобережная ул. 4 к.16, 4 к.2, 4 к.3, 4 к.5, 4 к.6
1027581980;Ховрино;Детская площадка;Левобережная ул. 4 к.16, 4 к.2, 4 к.3, 4 к.5, 4 к.6
1027581982;Ховрино;Детская площадка;Левобережная ул. 4 к.16, 4 к.2, 4 к.3, 4 к.5, 4 к.6
968220782;Ховрино;Детская площадка;Левобережная ул. 4 к.16, 4 к.2, 4 к.3, 4 к.5, 4 к.6
968220784;Ховрино;Детская площадка;Левобережная ул. 4 к.16, 4 к.2, 4 к.3, 4 к.5, 4 к.6
968220786;Ховрино;Спортивная площадка;Петрозаводская ул. 24 к.2
1087784845;Ховрино;Детская площадка;Петрозаводская ул. 24 к.2
1087784849;Ховрино;Детская площадка;Петрозаводская ул. 24 к.2
1087784857;Ховрино;Детская площадка;Дыбенко ул. 14 к.1, 14 к.2, 16 к.1
1087784875;Ховрино;Спортивная площадка;Дыбенко ул. 14 к.1, 14 к.2, 16 к.1
932475780;Ховрино;Детская площадка;Дыбенко ул. 14 к.1, 14 к.2, 16 к.1
932475782;Ховрино;Детская площадка;Дыбенко ул. 14 к.1, 14 к.2, 16 к.1
951740500;Ховрино;Детская площадка;Клинская ул. 3 к.1
934192988;Ховрино;Детская площадка;Клинская ул. 3 к.1
934192994;Ховрино;Детская площадка;Петрозаводская ул. 15 к.2
946865557;Ховрино;Детская площадка;Фестивальная ул. 22 к.3
946865561;Ховрино;Детская площадка;Фестивальная ул. 22 к.3
1155626282;Ховрино;Детская площадка;Петрозаводская ул. 28 к.1
1155626286;Ховрино;Спортивная площадка;Петрозаводская ул. 28 к.1
1155626308;Ховрино;Спортивная площадка;Лавочкина ул. 54 к.2
1074720925;Ховрино;Детская площадка;Лавочкина ул. 54 к.2
1074720927;Ховрино;Детская площадка;Лавочкина ул. 54 к.2
1074720929;Ховрино;Детская площадка;Левобережная ул. 4 к.7
1074720931;Ховрино;Детская площадка;Левобережная ул. 4 к.7
1074720933;Ховрино;Детская площадка;Левобережная ул. 4 к.7
1074720935;Ховрино;Детская площадка;Левобережная ул. 4 к.7
1074720937;Ховрино;Детская площадка;Левобережная ул. 4 к.7
1074720939;Ховрино;Детская площадка;Левобережная ул. 4 к.7
937576612;Ховрино;Детская площадка;Левобережная ул. 4 к.7
937576614;Ховрино;Детская площадка;Левобережная ул. 4 к.7
1191672254;Ховрино;Спортивная площадка;Дыбенко ул. 6 к.1, 6 к.2
1191672297;Ховрино;Детская площадка;Дыбенко ул. 6 к.1, 6 к.2
964101484;Ховрино;Детская площадка;Фестивальная ул. 59 к.1, 59 к.2, 59 к.3
1148893988;Ховрино;Спортивная площадка;Фестивальная ул. 59 к.1, 59 к.2, 59 к.3
1148893992;Ховрино;Детская площадка;Петрозаводская ул. 6
952460992;Ховрино;Детская площадка;Лавочкина ул. 46 к.1, 46 к.2
1188437820;Ховрино;Спортивная площадка;Лавочкина ул. 46 к.1, 46 к.2
1138408188;Ховрино;Детская площадка;Петрозаводская ул. 11 к.1, 13 к.1, 13 к.2
949605725;Ховрино;Детская площадка;Лавочкина ул. 48 к.2
949605727;Ховрино;Детская площадка;Петрозаводская ул. 12
949605729;Ховрино;Детская площадка;Клинская ул. 4 к.2, 4 к.3
917639597;Ховрино;Детская площадка;Клинская ул. 4 к.2, 4 к.3
917662129;Ховрино;Спортивная площадка;Клинская ул. 4 к.2, 4 к.3
1187875526;Ховрино;Детская площадка;Петрозаводская ул. 18
1124650274;Ховрино;Спортивная площадка;"Ляпидевского ул. 2, 2 к.1; Флотская ул. 9 к.1"
1199863890;Ховрино;Детская площадка;Зеленоградская ул. 27 к.2, 27 к.4
918832649;Ховрино;Детская площадка;Зеленоградская ул. 31 к.2
918832651;Ховрино;Детская площадка;Петрозаводская ул. 9 к.2
1130219880;Ховрино;Детская площадка;Ляпидевского ул. 6 к.3
1130219884;Ховрино;Детская площадка;Ляпидевского ул. 6 к.3
1190426849;Ховрино;Детская площадка;Фестивальная ул. 55, 57
918192873;Ховрино;Спортивная площадка;Фестивальная ул. 55, 57
949570689;Ховрино;Детская площадка;Фестивальная ул. 53 к.2
1149059189;Ховрино;Детская площадка;Петрозаводская ул. 15 к.3
1149059193;Ховрино;Детская площадка;Петрозаводская ул. 5 к.4
1149059201;Ховрино;Спортивная площадка;Фестивальная ул. 65
1149059203;Ховрино;Детская площадка;Фестивальная ул. 65
919087500;Ховрино;Детская площадка;Фестивальная ул. 65
919087502;Ховрино;Спортивная площадка;Фестивальная ул. 65
919087506;Ховрино;Спортивная площадка;Дыбенко ул. 36 к.3, 36 к.4
919087508;Ховрино;Детская площадка;Дыбенко ул. 36 к.3, 36 к.4
964094760;Ховрино;Спортивная площадка;Дыбенко ул. 36 к.3, 36 к.4
919144946;Ховрино;Спортивная площадка;Дыбенко ул. 36 к.3, 36 к.4
919144950;Ховрино;Детская площадка;Зеленоградская ул. 33 к.1
1188246609;Ховрино;Детская площадка;Дыбенко ул. 30 к.2
937628406;Ховрино;Детская площадка;Дыбенко ул. 30 к.2
937628422;Ховрино;Детская площадка;Зеленоградская ул. 17, 17 к.4
937628429;Ховрино;Детская площадка;Зеленоградская ул. 21, 21 к.1
917576878;Ховрино;Спортивная площадка;Зеленоградская ул. 21, 21 к.1
931809351;Ховрино;Детская площадка;Зеленоградская ул. 21, 21 к.1
984828437;Ховрино;Детская площадка;Флотская ул. 17 к.1, 17 к.2
919052874;Ховрино;Детская площадка;Онежская ул. 53 к.3
1189784711;Ховрино;Детская площадка;Зеленоградская ул. 25А
917666008;Ховрино;Детская площадка;Дыбенко ул. 44
918361181;Ховрино;Детская площадка;Клинская ул. 18 к.1, 18 к.2
938111199;Ховрино;Детская площадка;Клинская ул. 10 к.2
918802470;Ховрино;Детская площадка;Зеленоградская ул. 31 к.3
918802474;Ховрино;Детская площадка;Зеленоградская ул. 25 к.1
918802488;Ховрино;Детская площадка;Ляпидевского ул. 16
1117529597;Ховрино;Детская площадка;Ляпидевского ул. 16
1117529601;Ховрино;Детская площадка;Ляпидевского ул. 16
1117529603;Ховрино;Спортивная площадка;Петрозаводская ул. 3
947351224;Ховрино;Детская площадка;Петрозаводская ул. 3
918570544;Ховрино;Детская площадка;Петрозаводская ул. 3
919220541;Ховрино;Детская площадка;Фестивальная ул. 63 к.3
919220543;Ховрино;Детская площадка;Зеленоградская ул. 33 к.6
919220549;Ховрино;Детская площадка;Ляпидевского ул. 10
919220559;Ховрино;Детская площадка;Ляпидевского ул. 10
918353989;Ховрино;Спортивная площадка;Ляпидевского ул. 10
894469516;Ховрино;Детская площадка;Ляпидевского ул. 10
1144944835;Ховрино;Спортивная площадка;Дыбенко ул. 14 к.3
917590194;Ховрино;Детская площадка;Дыбенко ул. 12
917590202;Ховрино;Детская площадка;Онежская ул. 45/19
917590204;Ховрино;Детская площадка;Лавочкина ул. 40/49
917590208;Ховрино;Детская площадка;Лавочкина ул. 40/49
951698323;Ховрино;Детская площадка;Лавочкина ул. 40/49
918813572;Ховрино;Детская площадка;Лавочкина ул. 40/49
904477739;Ховрино;Детская площадка;Петрозаводская ул. 17 к.2
904477747;Ховрино;Детская площадка;Ляпидевского ул. 10 к.2
917604115;Ховрино;Детская площадка;Клинская ул. 10 к.1
917608287;Ховрино;Детская площадка;Клинская ул. 10 к.1
1024928986;Ховрино;Детская площадка;Дыбенко ул. 20
1024928988;Ховрино;Детская площадка;Лавочкина ул. 42
1024929004;Ховрино;Спортивная площадка;Левобережная ул. 4 к.10, 4 к.14, 4 к.15, 4 к.9
1024929006;Ховрино;Спортивная площадка;Левобережная ул. 4 к.10, 4 к.14, 4 к.15, 4 к.9
1024929014;Ховрино;Спортивная площадка;Левобережная ул. 4 к.10, 4 к.14, 4 к.15, 4 к.9
1024929016;Ховрино;Спортивная площадка;Левобережная ул. 4 к.10, 4 к.14, 4 к.15, 4 к.9
1024929020;Ховрино;Спортивная площадка;Левобережная ул. 4 к.10, 4 к.14, 4 к.15, 4 к.9
1024929028;Ховрино;Спортивная площадка;Левобережная ул. 4 к.10, 4 к.14, 4 к.15, 4 к.9
1024929036;Ховрино;Спортивная площадка;Левобережная ул. 4 к.10, 4 к.14, 4 к.15, 4 к.9
1024929048;Ховрино;Спортивная площадка;Левобережная ул. 4 к.10, 4 к.14, 4 к.15, 4 к.9
1028697074;Ховрино;Спортивная площадка;Левобережная ул. 4 к.10, 4 к.14, 4 к.15, 4 к.9
1028697084;Ховрино;Спортивная площадка;Левобережная ул. 4 к.10, 4 к.14, 4 к.15, 4 к.9
1028697086;Ховрино;Детская площадка;Левобережная ул. 4 к.11, 4 к.12, 4 к.18, 4 к.22
1028697090;Ховрино;Детская площадка;Левобережная ул. 4 к.11, 4 к.12, 4 к.18, 4 к.22
1028697092;Ховрино;Детская площадка;Левобережная ул. 4 к.11, 4 к.12, 4 к.18, 4 к.22
1028697094;Ховрино;Детская площадка;Левобережная ул. 4 к.11, 4 к.12, 4 к.18, 4 к.22
1028697096;Ховрино;Детская площадка;Левобережная ул. 4 к.11, 4 к.12, 4 к.18, 4 к.22
1028697098;Ховрино;Спортивная площадка;Левобережная ул. 4 к.11, 4 к.12, 4 к.18, 4 к.22
1028697102;Ховрино;Детская площадка;Левобережная ул. 4 к.11, 4 к.12, 4 к.18, 4 к.22
1028697104;Ховрино;Детская площадка;Левобережная ул. 4 к.11, 4 к.12, 4 к.18, 4 к.22
1028697106;Ховрино;Детская площадка;Левобережная ул. 4 к.11, 4 к.12, 4 к.18, 4 к.22
1028697108;Ховрино;Детская площадка;Левобережная ул. 4 к.11, 4 к.12, 4 к.18, 4 к.22
1028697110;Ховрино;Детская площадка;Левобережная ул. 4 к.11, 4 к.12, 4 к.18, 4 к.22
1028697112;Ховрино;Детская площадка;Левобережная ул. 4 к.11, 4 к.12, 4 к.18, 4 к.22
1028697114;Ховрино;Детская площадка;Левобережная ул. 4 к.11, 4 к.12, 4 к.18, 4 к.22
1028697116;Ховрино;Детская площадка;Левобережная ул. 4 к.11, 4 к.12, 4 к.18, 4 к.22
1028697118;Ховрино;Детская площадка;Левобережная ул. 4 к.11, 4 к.12, 4 к.18, 4 к.22
1028697120;Ховрино;Детская площадка;Левобережная ул. 4 к.11, 4 к.12, 4 к.18, 4 к.22
1028697126;Ховрино;Спортивная площадка;Левобережная ул. 4 к.11, 4 к.12, 4 к.18, 4 к.22
1097623493;Ховрино;Детская площадка;Левобережная ул. 4 к.11, 4 к.12, 4 к.18, 4 к.22
1097623495;Ховрино;Детская площадка;Левобережная ул. 4 к.11, 4 к.12, 4 к.18, 4 к.22
1188246583;Ховрино;Спортивная площадка;Клинская ул. 2А к.7
1188246587;Ховрино;Детская площадка;Клинская ул. 2А к.7
968220788;Ховрино;Спортивная площадка;Зеленоградская ул. 17, 17 к.4
1087784883;Ховрино;Спортивная площадка;Зеленоградская ул. 17, 17 к.4
918584735;Ховрино;Спортивная площадка;Петрозаводская ул. 24 к.2
919131104;Ховрино;Спортивная площадка;Дыбенко ул. 14 к.1, 14 к.2, 16 к.1
919131102;Ховрино;Детская площадка;Зеленоградская ул. 33 к.7
1146279887;Ховрино;Детская площадка;Дыбенко ул. 38 к.1
951265110;Ховрино;Детская площадка;Дыбенко ул. 38 к.1
943961931;Ховрино;Детская площадка;Зеленоградская ул. 33 к.3
1320099387;Ховрино;Детская площадка;Клинская ул. 17
1320099395;Ховрино;Детская площадка;Зеленоградская ул. 19 к.1
1320099403;Ховрино;Спортивная площадка;Клинская ул. 2А
1320099411;Ховрино;Детская площадка;Клинская ул. 2А
1320099419;Ховрино;Детская площадка;Клинская ул. 2А
897084774;Ховрино;Детская площадка;Клинская ул. 2А
1121684766;Ховрино;Детская площадка;Клинская ул. 2А
917662125;Ховрино;Детская площадка;Клинская ул. 4 к.1
917662131;Ховрино;Детская площадка;Фестивальная ул. 53 к.5
1024929008;Ховрино;Детская площадка;"Ляпидевского ул. 2, 2 к.1; Флотская ул. 9 к.1"
1024929010;Ховрино;Детская площадка;"Ляпидевского ул. 2, 2 к.1; Флотская ул. 9 к.1"
1024929050;Ховрино;Детская площадка;Левобережная ул. 4 к.10, 4 к.14, 4 к.15, 4 к.9
1024929040;Ховрино;Детская площадка;Левобережная ул. 4 к.10, 4 к.14, 4 к.15, 4 к.9
1024929012;Ховрино;Детская площадка;Левобережная ул. 4 к.10, 4 к.14, 4 к.15, 4 к.9
1024928992;Ховрино;Детская площадка;Левобережная ул. 4 к.10, 4 к.14, 4 к.15, 4 к.9
1024928994;Ховрино;Детская площадка;Левобережная ул. 4 к.10, 4 к.14, 4 к.15, 4 к.9
1024928998;Ховрино;Детская площадка;Левобережная ул. 4 к.10, 4 к.14, 4 к.15, 4 к.9
1024929002;Ховрино;Детская площадка;Левобережная ул. 4 к.10, 4 к.14, 4 к.15, 4 к.9
1024929018;Ховрино;Детская площадка;Левобережная ул. 4 к.10, 4 к.14, 4 к.15, 4 к.9
1024929044;Ховрино;Детская площадка;Левобережная ул. 4 к.10, 4 к.14, 4 к.15, 4 к.9
1024929038;Ховрино;Детская площадка;Левобережная ул. 4 к.10, 4 к.14, 4 к.15, 4 к.9
1024929034;Ховрино;Детская площадка;Левобережная ул. 4 к.10, 4 к.14, 4 к.15, 4 к.9
952314306;Ховрино;Детская площадка;Левобережная ул. 4 к.10, 4 к.14, 4 к.15, 4 к.9
919156280;Ховрино;Детская площадка;Левобережная ул. 4 к.10, 4 к.14, 4 к.15, 4 к.9
949053701;Ховрино;Детская площадка;Клинская улица дом 21
918552368;Ховрино;Детская площадка;улица Дыбенко дом 26, корпус 1
918552388;Ховрино;Детская площадка;Клинская ул. 5
918552390;Ховрино;Детская площадка;Дыбенко ул. 22 к.3, 26 к.3
918621300;Ховрино;Детская площадка;Дыбенко ул. 22 к.3, 26 к.3
918621304;Ховрино;Детская площадка;Дыбенко ул. 22 к.3, 26 к.3
937582180;Ховрино;Спортивная площадка;Лавочкина ул. 56/23
952251112;Ховрино;Спортивная площадка;Лавочкина ул. 56/23
952251116;Ховрино;Детская площадка;Дыбенко ул. 10 к.1
1145043044;Ховрино;Детская площадка;Клинская ул. 11
902435877;Ховрино;Детская площадка;Клинская ул. 11
938888318;Ховрино;Детская площадка;Онежская ул. 49
1059684260;Ховрино;Детская площадка;Зеленоградская ул. 23А
934681874;Ховрино;Детская площадка;Зеленоградская ул. 23
934681886;Ховрино;Детская площадка;Петрозаводская ул. 15 к.5
918621716;Ховрино;Детская площадка;Фестивальная ул. 22 к.4
918797793;Ховрино;Детская площадка;Фестивальная ул. 22 к.4
918797805;Ховрино;Детская площадка;Петрозаводская ул. 18 к.1
946385056;Ховрино;Детская площадка;Лавочкина ул. 34, 34 к.1
1180647956;Ховрино;Детская площадка;Лавочкина ул. 34, 34 к.1
1180647964;Ховрино;Детская площадка;Петрозаводская ул. 22 к.1
1180647968;Ховрино;Детская площадка;Зеленоградская ул. 35 к.5
1180647978;Ховрино;Детская площадка;Зеленоградская ул. 35 к.5
963488564;Ховрино;Детская площадка;Зеленоградская ул. 35 к.5
1143541034;Ховрино;Детская площадка;Зеленоградская ул. 35 к.5
1146115217;Ховрино;Детская площадка;Лавочкина ул. 50 к.2
1136752567;Ховрино;Детская площадка;Петрозаводская ул. 19 к.2
1136752569;Ховрино;Спортивная площадка;Петрозаводская ул. 28 к.5
1136752575;Ховрино;Детская площадка;Фестивальная ул. 18, 20
964118817;Ховрино;Детская площадка;Фестивальная ул. 18, 20
1144350159;Ховрино;Детская площадка;Фестивальная ул. 18, 20
1145011417;Ховрино;Детская площадка;Дыбенко ул. 2 к.1
1145011669;Ховрино;Детская площадка;Фестивальная ул. 28, 30
918826082;Ховрино;Детская площадка;Онежская ул. 53 к.1
1144214644;Ховрино;Детская площадка;Онежская ул. 53 к.1
1144214650;Ховрино;Детская площадка;Ляпидевского ул. 6 к.1
1163127170;Ховрино;Детская площадка;Лавочкина ул. 48 к.1
901945806;Ховрино;Детская площадка;Лавочкина ул. 48 к.1
933926568;Ховрино;Детская площадка;Лавочкина ул. 50 к.1
933926576;Ховрино;Детская площадка;Зеленоградская ул. 21 к.2
1141526478;Ховрино;Детская площадка;Фестивальная ул. 32 к.1
1140459683;Ховрино;Детская площадка;Фестивальная ул. 32 к.1
1140459713;Ховрино;Детская площадка;Онежская ул. 51 к.1
1140459715;Ховрино;Спортивная площадка;Фестивальная ул. 30 к.2
1043294519;Ховрино;Спортивная площадка;Фестивальная ул. 30 к.2
1149932148;Ховрино;Детская площадка;Фестивальная ул. 30 к.2
1149932152;Ховрино;Детская площадка;Зеленоградская ул. 39 к.1
931866320;Ховрино;Детская площадка;Фестивальная ул. 24 к.2
931866322;Ховрино;Детская площадка;Фестивальная ул. 24 к.2
931866326;Ховрино;Детская площадка;Ляпидевского ул. 10 к.1
934083854;Ховрино;Детская площадка;Ляпидевского ул. 10 к.1
979066300;Ховрино;Спортивная площадка;Ляпидевского ул. 10 к.1
1191043607;Ховрино;Детская площадка;Фестивальная ул. 22 к.8
1191043609;Ховрино;Детская площадка;Фестивальная ул. 22 к.2
1087345074;Ховрино;Детская площадка;Клинская ул. 14 к.1
1087345076;Ховрино;Детская площадка;Клинская ул. 14 к.1
1087345078;Ховрино;Детская площадка;Левобережная ул. 4 к.8
1087345080;Ховрино;Детская площадка;Левобережная ул. 4 к.8
1087345082;Ховрино;Детская площадка;Левобережная ул. 4 к.8
1087345084;Ховрино;Спортивная площадка;Левобережная ул. 4 к.8
1087345086;Ховрино;Детская площадка;Левобережная ул. 4 к.8
1087345088;Ховрино;Спортивная площадка;Левобережная ул. 4 к.8
1087345090;Ховрино;Детская площадка;Левобережная ул. 4 к.8
1087345092;Ховрино;Детская площадка;Левобережная ул. 4 к.8
1087345094;Ховрино;Детская площадка;Левобережная ул. 4 к.8
1087345096;Ховрино;Детская площадка;Левобережная ул. 4 к.8
1087345098;Ховрино;Детская площадка;Левобережная ул. 4 к.8
1087345102;Ховрино;Детская площадка;Левобережная ул. 4 к.8
1087345104;Ховрино;Детская площадка;Левобережная ул. 4 к.8
1087345106;Ховрино;Спортивная площадка;Левобережная ул. 4 к.8
1144949216;Ховрино;Детская площадка;Левобережная ул. 4 к.8
1144949202;Ховрино;Детская площадка;Левобережная ул. 4 к.8
907905387;Ховрино;Детская площадка;Онежская ул. 47
905098432;Ховрино;Детская площадка;Онежская ул. 47
905098426;Ховрино;Детская площадка;Флотская ул. 13 к.2
947354543;Ховрино;Детская площадка;Ляпидевского ул. 22
947354545;Ховрино;Детская площадка;Ляпидевского ул. 22
947354547;Хорошевский;Спортивная площадка;Куусинена ул. 4А к.3, 4А к.4
947354549;Хорошевский;Детская площадка;Куусинена ул. 4А к.3, 4А к.4
980737165;Хорошевский;Детская площадка;Куусинена ул. 4А к.3, 4А к.4
1045851371;Хорошевский;Детская площадка;Куусинена ул. 4А к.3, 4А к.4
1043176908;Хорошевский;Детская площадка;Хорошевское шоссе 43 к.А, 43 к.Б
1043176910;Хорошевский;Детская площадка;Поликарпова ул. 23
1043176914;Хорошевский;Спортивная площадка;"Зорге ул. 14 к.1, 14 к.2, 14 к.3; Куусинена ул. 15 к.1, 15 к.2, 15 к.3"
1202757129;Хорошевский;Детская площадка;"Зорге ул. 14 к.1, 14 к.2, 14 к.3; Куусинена ул. 15 к.1, 15 к.2, 15 к.3"
1202757143;Хорошевский;Спортивная площадка;"Зорге ул. 14 к.1, 14 к.2, 14 к.3; Куусинена ул. 15 к.1, 15 к.2, 15 к.3"
920091659;Хорошевский;Детская площадка;Хорошевское шоссе 22, 24
920091665;Хорошевский;Детская площадка;Хорошевское шоссе 22, 24
920091671;Хорошевский;Детская площадка;Поликарпова ул. 21 к.4
1137196109;Хорошевский;Спортивная площадка;Поликарпова ул. 21 к.4
985950207;Хорошевский;Спортивная площадка;Поликарпова ул. 21 к.4
985950211;Хорошевский;Детская площадка;Хорошевское шоссе 23 к.1, 23 к.2
985950213;Хорошевский;Детская площадка;Полины Осипенко ул. 20 к.1
985089892;Хорошевский;Детская площадка;Полины Осипенко ул. 20 к.1
985089894;Хорошевский;Детская площадка;Полины Осипенко ул. 20 к.1
1120287049;Хорошевский;Детская площадка;"Аэропорта пр. 3; Викторенко ул. 12, 12/1, 14"
1120287051;Хорошевский;Спортивная площадка;"Аэропорта пр. 3; Викторенко ул. 12, 12/1, 14"
993443272;Хорошевский;Спортивная площадка;Хорошевское шоссе 13А к.1, 13А к.2
993051967;Хорошевский;Спортивная площадка;Хорошевское шоссе 13А к.1, 13А к.2
988611350;Хорошевский;Детская площадка;Хорошевский 3-й пр. 4
989977326;Хорошевский;Детская площадка;Куусинена ул. 4 к.1, 4 к.2, 4 к.3
989340339;Хорошевский;Детская площадка;Куусинена ул. 6 к.4, 6 к.5, 6 к.6, 6 к.7
989340347;Хорошевский;Детская площадка;Хорошевское шоссе 56, 58
985941951;Хорошевский;Детская площадка;Аэропорта пр. 11, 11А, 11Б
985941961;Хорошевский;Спортивная площадка;Аэропорта пр. 11, 11А, 11Б
985941967;Хорошевский;Детская площадка;Полины Осипенко ул. 16, 18 к.1, 18 к.2
985941973;Хорошевский;Детская площадка;Полины Осипенко ул. 16, 18 к.1, 18 к.2
1116702593;Хорошевский;Детская площадка;Полины Осипенко ул. 16, 18 к.1, 18 к.2
1116702597;Хорошевский;Детская площадка;Полины Осипенко ул. 16, 18 к.1, 18 к.2
1116702599;Хорошевский;Детская площадка;Полины Осипенко ул. 22 к.1, 22 к.2, 22 к.3, 22 к.4
1116702607;Хорошевский;Спортивная площадка;Полины Осипенко ул. 22 к.1, 22 к.2, 22 к.3, 22 к.4
920078128;Хорошевский;Детская площадка;Полины Осипенко ул. 22 к.1, 22 к.2, 22 к.3, 22 к.4
920078130;Хорошевский;Спортивная площадка;Полины Осипенко ул. 22 к.1, 22 к.2, 22 к.3, 22 к.4
920385362;Хорошевский;Детская площадка;Острякова ул. 6
920385370;Хорошевский;Спортивная площадка;Острякова ул. 6
920385372;Хорошевский;Детская площадка;Магистральная 5-я ул. 14 к.2, 14 стр.1, 16
992529009;Хорошевский;Детская площадка;Магистральная 5-я ул. 14 к.2, 14 стр.1, 16
992529015;Хорошевский;Детская площадка;Магистральная 5-я ул. 14 к.2, 14 стр.1, 16
992529029;Хорошевский;Детская площадка;"Ленинградский просп. 57; Острякова ул. 8"
988824438;Хорошевский;Спортивная площадка;"Ленинградский просп. 57; Острякова ул. 8"
988824444;Хорошевский;Спортивная площадка;"Ленинградский просп. 57; Острякова ул. 8"
986458334;Хорошевский;Спортивная площадка;Магистральный пер. 7 к.1, 7 к.2
1024984900;Хорошевский;Спортивная площадка;Магистральный пер. 7 к.1, 7 к.2
973539529;Хорошевский;Детская площадка;Куусинена ул. 6А к.1, 6 к.13, 6 к.9
972348669;Хорошевский;Детская площадка;Хорошевское шоссе 36А, 36Б
972348677;Хорошевский;Детская площадка;Гризодубовой ул. 1А, 1 к.1, 1 к.2, 1 к.3, 1 к.4, 1 к.5
972348679;Хорошевский;Детская площадка;Березовой Рощи пр. 12
1019387967;Хорошевский;Детская площадка;Березовой Рощи пр. 12
1019387969;Хорошевский;Детская площадка;Березовой Рощи пр. 12
1019387973;Хорошевский;Детская площадка;Ходынский бульв. 11
1019387977;Хорошевский;Детская площадка;Ходынский бульв. 11
1019387983;Хорошевский;Детская площадка;Ходынский бульв. 11
984920596;Хорошевский;Детская площадка;Ходынский бульв. 11
984920598;Хорошевский;Детская площадка;Ходынский бульв. 11
984920602;Хорошевский;Детская площадка;Викторенко ул. 4 к.1
984920606;Хорошевский;Детская площадка;Викторенко ул. 4 к.1
986636972;Хорошевский;Детская площадка;Викторенко ул. 4 к.1
986636974;Хорошевский;Детская площадка;Викторенко ул. 4 к.1
986636978;Хорошевский;Спортивная площадка;"Гризодубовой ул. 4 к.3; Ходынский бульв. 13"
986636980;Хорошевский;Детская площадка;"Гризодубовой ул. 4 к.3; Ходынский бульв. 13"
986636990;Хорошевский;Детская площадка;"Гризодубовой ул. 4 к.3; Ходынский бульв. 13"
986636994;Хорошевский;Спортивная площадка;"Гризодубовой ул. 4 к.3; Ходынский бульв. 13"
986636998;Хорошевский;Детская площадка;"Гризодубовой ул. 4 к.3; Ходынский бульв. 13"
986637002;Хорошевский;Детская площадка;"Гризодубовой ул. 4 к.3; Ходынский бульв. 13"
986637008;Хорошевский;Детская площадка;"Гризодубовой ул. 4 к.3; Ходынский бульв. 13"
986637010;Хорошевский;Детская площадка;"Гризодубовой ул. 4 к.3; Ходынский бульв. 13"
989615248;Хорошевский;Детская площадка;"Гризодубовой ул. 4 к.3; Ходынский бульв. 13"
989615254;Хорошевский;Детская площадка;"Гризодубовой ул. 4 к.3; Ходынский бульв. 13"
989615258;Хорошевский;Спортивная площадка;"Березовой Рощи пр. 10; Ходынский бульв. 19"
989615262;Хорошевский;Детская площадка;"Березовой Рощи пр. 10; Ходынский бульв. 19"
989615264;Хорошевский;Детская площадка;"Березовой Рощи пр. 10; Ходынский бульв. 19"
989615266;Хорошевский;Детская площадка;"Березовой Рощи пр. 10; Ходынский бульв. 19"
989615270;Хорошевский;Детская площадка;"Березовой Рощи пр. 10; Ходынский бульв. 19"
1043117870;Хорошевский;Детская площадка;"Березовой Рощи пр. 10; Ходынский бульв. 19"
1043117872;Хорошевский;Детская площадка;"Березовой Рощи пр. 10; Ходынский бульв. 19"
1043117878;Хорошевский;Детская площадка;Куусинена ул. 4А к.5, 6 к.10, 6 к.11, 6 к.12
1042860542;Хорошевский;Детская площадка;Куусинена ул. 4А к.5, 6 к.10, 6 к.11, 6 к.12
920342907;Хорошевский;Детская площадка;Куусинена ул. 4А к.5, 6 к.10, 6 к.11, 6 к.12
920342909;Хорошевский;Детская площадка;Хорошевское шоссе 7 стр.1, 7 стр.2
920342913;Хорошевский;Спортивная площадка;Хорошевский 1-й пр. 2/17, 4 к.1, 4 к.2, 4 к.3, 6
920342917;Хорошевский;Детская площадка;Хорошевский 1-й пр. 2/17, 4 к.1, 4 к.2, 4 к.3, 6
1137232299;Хорошевский;Детская площадка;Хорошевский 1-й пр. 2/17, 4 к.1, 4 к.2, 4 к.3, 6
1137232307;Хорошевский;Детская площадка;Хорошевский 1-й пр. 2/17, 4 к.1, 4 к.2, 4 к.3, 6
1137232309;Хорошевский;Детская площадка;Микояна Авиаконструктора ул. 14 к.3, 14 к.4
1137232311;Хорошевский;Детская площадка;Микояна Авиаконструктора ул. 14 к.3, 14 к.4
1137232315;Хорошевский;Детская площадка;Микояна Авиаконструктора ул. 14 к.3, 14 к.4
1193696628;Хорошевский;Детская площадка;Микояна Авиаконструктора ул. 14 к.3, 14 к.4
1193696630;Хорошевский;Детская площадка;Микояна Авиаконструктора ул. 14 к.3, 14 к.4
1193696632;Хорошевский;Спортивная площадка;Хорошевский 1-й пр. 12 к.1, 12 к.2, 12 к.3, 14 к.1, 14 к.2, 14 к.3
1185258760;Хорошевский;Детская площадка;Хорошевский 1-й пр. 12 к.1, 12 к.2, 12 к.3, 14 к.1, 14 к.2, 14 к.3
1185258764;Хорошевский;Детская площадка;Хорошевский 1-й пр. 12 к.1, 12 к.2, 12 к.3, 14 к.1, 14 к.2, 14 к.3
1189532317;Хорошевский;Детская площадка;Чапаевский пер. 5 к.1, 5 к.2
1189532321;Хорошевский;Детская площадка;Чапаевский пер. 5 к.1, 5 к.2
1189532323;Хорошевский;Детская площадка;Хорошевское шоссе 13А к.3, 13 к.3
1193705956;Хорошевский;Детская площадка;Хорошевское шоссе 13А к.3, 13 к.3
1193705966;Хорошевский;Спортивная площадка;Хорошевское шоссе 13А к.3, 13 к.3
1191965419;Хорошевский;Детская площадка;Хорошевское шоссе 82 к.11, 82 к.2, 82 к.7, 82 к.8
1191965433;Хорошевский;Спортивная площадка;Хорошевское шоссе 82 к.11, 82 к.2, 82 к.7, 82 к.8
1198559756;Хорошевский;Детская площадка;Хорошевское шоссе 82 к.1, 82 к.9, 84 к.1, 84 к.2, 84 к.3, 84 к.4
1198559762;Хорошевский;Спортивная площадка;Хорошевское шоссе 82 к.1, 82 к.9, 84 к.1, 84 к.2, 84 к.3, 84 к.4
1198559766;Хорошевский;Детская площадка;"Зорге ул. 18 к.1, 18 к.2, 18 к.3; Куусинена ул. 19 к.1, 19 к.2, 19 к.3"
1198559770;Хорошевский;Детская площадка;"Зорге ул. 18 к.1, 18 к.2, 18 к.3; Куусинена ул. 19 к.1, 19 к.2, 19 к.3"
920733799;Хорошевский;Спортивная площадка;"Зорге ул. 18 к.1, 18 к.2, 18 к.3; Куусинена ул. 19 к.1, 19 к.2, 19 к.3"
920733801;Хорошевский;Детская площадка;"Зорге ул. 18 к.1, 18 к.2, 18 к.3; Куусинена ул. 19 к.1, 19 к.2, 19 к.3"
1198938720;Хорошевский;Детская площадка;Хорошевское шоссе 52 к.1, 52 к.2
1198938724;Хорошевский;Спортивная площадка;Хорошевское шоссе 52 к.1, 52 к.2
1193274099;Хорошевский;Детская площадка;Магистральная 1-я ул. 22 к.1, 22 к.2
1193274101;Хорошевский;Спортивная площадка;Магистральная 1-я ул. 22 к.1, 22 к.2
1193274111;Хорошевский;Детская площадка;Поликарпова ул. 19 к.1, 19 к.2
1182634382;Хорошевский;Спортивная площадка;Поликарпова ул. 19 к.1, 19 к.2
1182634384;Хорошевский;Спортивная площадка;Поликарпова ул. 19 к.1, 19 к.2
1189361850;Хорошевский;Спортивная площадка;Ленинградский просп. 45 к.1, 45 к.2, 45 к.3
1189361860;Хорошевский;Детская площадка;Ленинградский просп. 45 к.1, 45 к.2, 45 к.3
1189361868;Хорошевский;Детская площадка;Хорошевское шоссе 50 к.1, 50 к.2, 50 к.3
1189361876;Хорошевский;Спортивная площадка;Хорошевское шоссе 50 к.1, 50 к.2, 50 к.3
1189361879;Хорошевский;Спортивная площадка;Хорошевское шоссе 50 к.1, 50 к.2, 50 к.3
1189361885;Хорошевский;Детская площадка;Хорошевское шоссе 50 к.1, 50 к.2, 50 к.3
1193736435;Хорошевский;Спортивная площадка;Хорошевское шоссе 50 к.1, 50 к.2, 50 к.3
1137921622;Хорошевский;Детская площадка;Хорошевское шоссе 50 к.1, 50 к.2, 50 к.3
1137921626;Хорошевский;Детская площадка;Хорошевский 1-й пр. 16 к.1, 16 к.2
1137921636;Хорошевский;Детская площадка;Магистральная 3-я ул. 20Б, 26Б
1201634863;Хорошевский;Спортивная площадка;Магистральная 3-я ул. 20Б, 26Б
1201634869;Хорошевский;Спортивная площадка;Магистральная 3-я ул. 20Б, 26Б
1201634871;Хорошевский;Детская площадка;"Гризодубовой ул. 4 к.4; Ходынский бульв. 15"
1201634881;Хорошевский;Детская площадка;"Гризодубовой ул. 4 к.4; Ходынский бульв. 15"
1201634883;Хорошевский;Детская площадка;"Гризодубовой ул. 4 к.4; Ходынский бульв. 15"
1201634887;Хорошевский;Детская площадка;"Гризодубовой ул. 4 к.4; Ходынский бульв. 15"
1185246485;Хорошевский;Детская площадка;"Гризодубовой ул. 4 к.4; Ходынский бульв. 15"
1185246493;Хорошевский;Детская площадка;"Гризодубовой ул. 4 к.4; Ходынский бульв. 15"
1185246501;Хорошевский;Детская площадка;Полины Осипенко ул. 8 к.1, 8 к.2
1185246507;Хорошевский;Детская площадка;Полины Осипенко ул. 8 к.1, 8 к.2
1254575845;Хорошевский;Детская площадка;Полины Осипенко ул. 8 к.1, 8 к.2
1254632140;Хорошевский;Детская площадка;Полины Осипенко ул. 8 к.1, 8 к.2
1256172862;Хорошевский;Детская площадка;Ленинградский просп. 43 к.1, 43 к.2
1256172867;Хорошевский;Детская площадка;Ленинградский просп. 45 к.4, 45 к.5
1261974611;Хорошевский;Детская площадка;Куусинена ул. 4А к.1, 4А к.2
1270726678;Хорошевский;Детская площадка;Куусинена ул. 4А к.1, 4А к.2
1270726682;Хорошевский;Детская площадка;Хорошевское шоссе 64 к.1, 64 к.2
1270726702;Хорошевский;Спортивная площадка;Магистральная 5-я ул. 18, 20
1271104865;Хорошевский;Детская площадка;Магистральная 5-я ул. 18, 20
1271104869;Хорошевский;Детская площадка;Магистральная 5-я ул. 18, 20
1271104871;Хорошевский;Детская площадка;"Зорге ул. 10 к.1, 10 к.2, 10 к.3; Куусинена ул. 11 к.1, 11 к.2, 11 к.3"
1271104875;Хорошевский;Детская площадка;"Зорге ул. 10 к.1, 10 к.2, 10 к.3; Куусинена ул. 11 к.1, 11 к.2, 11 к.3"
1278727367;Хорошевский;Детская площадка;"Зорге ул. 10 к.1, 10 к.2, 10 к.3; Куусинена ул. 11 к.1, 11 к.2, 11 к.3"
1278727377;Хорошевский;Детская площадка;"Зорге ул. 10 к.1, 10 к.2, 10 к.3; Куусинена ул. 11 к.1, 11 к.2, 11 к.3"
1278727409;Хорошевский;Детская площадка;Хорошевский 2-й пр. 7А, 7Б
1185246497;Хорошевский;Спортивная площадка;Хорошевский 2-й пр. 7А, 7Б
1024000232;Хорошевский;Спортивная площадка;Хорошевский 2-й пр. 7А, 7Б
1024000236;Хорошевский;Спортивная площадка;Полины Осипенко ул. 8 к.1, 8 к.2
1024000234;Хорошевский;Детская площадка;Хорошевское шоссе 68 к.5
1042720309;Хорошевский;Спортивная площадка;Хорошевское шоссе 68 к.5
1307143782;Хорошевский;Детская площадка;Хорошевское шоссе 68 к.5
1307143794;Хорошевский;Детская площадка;Аэропорта пр. 6
1309461658;Хорошевский;Детская площадка;Поликарпова ул. 9
1309461668;Хорошевский;Детская площадка;Поликарпова ул. 9
1309461682;Хорошевский;Спортивная площадка;Хорошевское шоссе 39 к.1, 39 к.2, 41 к.Г, 41 к.Е, 43 к.В
1309461688;Хорошевский;Спортивная площадка;Хорошевское шоссе 39 к.1, 39 к.2, 41 к.Г, 41 к.Е, 43 к.В
972867186;Хорошевский;Детская площадка;Хорошевское шоссе 39 к.1, 39 к.2, 41 к.Г, 41 к.Е, 43 к.В
1149161215;Хорошевский;Детская площадка;Хорошевское шоссе 39 к.1, 39 к.2, 41 к.Г, 41 к.Е, 43 к.В
989623298;Хорошевский;Детская площадка;"Зорге ул. 2; Хорошевское шоссе 92"
989623294;Хорошевский;Детская площадка;Хорошевское шоссе 1
989623284;Хорошевский;Спортивная площадка;"Березовой Рощи пр. 4, 6, 8; Ходынский бульв. 17"
989623282;Хорошевский;Детская площадка;"Березовой Рощи пр. 4, 6, 8; Ходынский бульв. 17"
989623302;Хорошевский;Спортивная площадка;"Березовой Рощи пр. 4, 6, 8; Ходынский бульв. 17"
989623304;Хорошевский;Детская площадка;"Березовой Рощи пр. 4, 6, 8; Ходынский бульв. 17"
1314993037;Хорошевский;Детская площадка;"Березовой Рощи пр. 4, 6, 8; Ходынский бульв. 17"
1314993039;Хорошевский;Детская площадка;"Березовой Рощи пр. 4, 6, 8; Ходынский бульв. 17"
1314993043;Хорошевский;Детская площадка;Викторенко ул. 3
1023400470;Хорошевский;Спортивная площадка;Викторенко ул. 3
1023400482;Хорошевский;Детская площадка;Викторенко ул. 3
1023400484;Хорошевский;Спортивная площадка;"Гризодубовой ул. 2; Ходынский бульв. 5 к.1, 5 к.2, 5 к.3, 5 к.4"
1023400452;Хорошевский;Спортивная площадка;"Гризодубовой ул. 2; Ходынский бульв. 5 к.1, 5 к.2, 5 к.3, 5 к.4"
1023400450;Хорошевский;Детская площадка;"Гризодубовой ул. 2; Ходынский бульв. 5 к.1, 5 к.2, 5 к.3, 5 к.4"
1023400472;Хорошевский;Детская площадка;"Гризодубовой ул. 2; Ходынский бульв. 5 к.1, 5 к.2, 5 к.3, 5 к.4"
1118355754;Хорошевский;Спортивная площадка;"Гризодубовой ул. 2; Ходынский бульв. 5 к.1, 5 к.2, 5 к.3, 5 к.4"
1118355762;Хорошевский;Детская площадка;"Гризодубовой ул. 2; Ходынский бульв. 5 к.1, 5 к.2, 5 к.3, 5 к.4"
1118355756;Хорошевский;Детская площадка;"Хорошевский 3-й пр. 8; Хорошевское шоссе 5 к.1, 5 к.2"
1118355744;Хорошевский;Спортивная площадка;"Хорошевский 3-й пр. 8; Хорошевское шоссе 5 к.1, 5 к.2"
939112252;Хорошевский;Детская площадка;"Хорошевский 3-й пр. 8; Хорошевское шоссе 5 к.1, 5 к.2"
1183216937;Хорошевский;Спортивная площадка;"Хорошевский 3-й пр. 8; Хорошевское шоссе 5 к.1, 5 к.2"
1183216947;Хорошевский;Детская площадка;Хорошевское шоссе 46, 48
920125167;Хорошевский;Детская площадка;Куусинена ул. 6 к.8
1189563157;Хорошевский;Детская площадка;Куусинена ул. 6 к.8
1189563161;Хорошевский;Детская площадка;Хорошевское шоссе 80
1189563151;Хорошевский;Спортивная площадка;Микояна Авиаконструктора ул. 14 к.1, 14 к.2
1189563155;Хорошевский;Детская площадка;Микояна Авиаконструктора ул. 14 к.1, 14 к.2
1189563147;Хорошевский;Спортивная площадка;Микояна Авиаконструктора ул. 14 к.1, 14 к.2
1189563159;Хорошевский;Детская площадка;Микояна Авиаконструктора ул. 14 к.1, 14 к.2
920275555;Хорошевский;Детская площадка;Микояна Авиаконструктора ул. 14 к.1, 14 к.2
985371853;Хорошевский;Детская площадка;Микояна Авиаконструктора ул. 14 к.1, 14 к.2
1191920722;Хорошевский;Детская площадка;Зорге ул. 20
1191920728;Хорошевский;Детская площадка;Магистральный пер. 5, 5А
1191920732;Хорошевский;Детская площадка;Хорошевское шоссе 68 к.1, 70 к.1, 70 к.3, 72 к.1, 72 к.3
1116707282;Хорошевский;Спортивная площадка;Хорошевское шоссе 68 к.1, 70 к.1, 70 к.3, 72 к.1, 72 к.3
1133607196;Хорошевский;Спортивная площадка;Хорошевское шоссе 68 к.1, 70 к.1, 70 к.3, 72 к.1, 72 к.3
979085685;Хорошевский;Детская площадка;Хорошевское шоссе 72 к.4, 74 к.3
979085677;Хорошевский;Детская площадка;"Зорге ул. 16; Куусинена ул. 17 к.1, 17 к.2, 17 к.3"
920368875;Хорошевский;Детская площадка;Полины Осипенко ул. 10 к.1
920368877;Хорошевский;Детская площадка;Полины Осипенко ул. 10 к.1
920077248;Хорошевский;Детская площадка;"Зорге ул. 6 к.1, 6 к.2, 6 к.3; Куусинена ул. 7 к.1, 7 к.2, 7 к.3"
993051090;Хорошевский;Детская площадка;"Зорге ул. 6 к.1, 6 к.2, 6 к.3; Куусинена ул. 7 к.1, 7 к.2, 7 к.3"
1120284909;Хорошевский;Детская площадка;Острякова ул. 11, 9
1120284913;Хорошевский;Детская площадка;Куусинена ул. 2 к.1, 2 к.2
1042906566;Хорошевский;Детская площадка;Хорошевское шоссе 11
1042906594;Хорошевский;Детская площадка;Хорошевское шоссе 11
1019818192;Хорошевский;Детская площадка;Магистральная 5-я ул. 10, 12, 8
1019818196;Хорошевский;Спортивная площадка;Магистральная 5-я ул. 10, 12, 8
1019818198;Хорошевский;Спортивная площадка;Березовой Рощи пр. 3 к.1, 3 к.2
1119511796;Хорошевский;Детская площадка;Березовой Рощи пр. 3 к.1, 3 к.2
1119511802;Хорошевский;Спортивная площадка;Березовой Рощи пр. 3 к.1, 3 к.2
1202519193;Хорошевский;Спортивная площадка;Хорошевский 2-й пр. 5
1270350839;Хорошевский;Детская площадка;Хорошевский 2-й пр. 5
1270350843;Хорошевский;Детская площадка;Поликарпова ул. 11
1270350845;Хорошевский;Детская площадка;Полины Осипенко ул. 14 к.1
1270350847;Хорошевский;Спортивная площадка;Полины Осипенко ул. 14 к.1
1270373496;Хорошевский;Детская площадка;Полины Осипенко ул. 14 к.1
1270373500;Хорошевский;Детская площадка;Полины Осипенко ул. 14 к.1
1310860660;Хорошевский;Детская площадка;Хорошёвское шоссе дом 60, дом 62
1310860666;Хорошевский;Детская площадка;Хорошёвское шоссе дом 60, дом 62
1310860728;Хорошевский;Детская площадка;Викторенко ул. 11
1310860735;Хорошевский;Детская площадка;Викторенко ул. 11
1023418760;Хорошевский;Спортивная площадка;Викторенко ул. 11
1193288318;Хорошевский;Спортивная площадка;Викторенко ул. 11
1193288326;Хорошевский;Детская площадка;"Куусинена ул. 1; Хорошевское шоссе 88, 90"
1193288324;Хорошевский;Детская площадка;"Гризодубовой ул. 4 к.1; Ходынский бульв. 9"
1316343220;Хорошевский;Спортивная площадка;"Гризодубовой ул. 4 к.1; Ходынский бульв. 9"
;Хорошевский;Детская площадка;"Гризодубовой ул. 4 к.1; Ходынский бульв. 9"
1273612473;Хорошевский;Детская площадка;"Гризодубовой ул. 4 к.1; Ходынский бульв. 9"
